horizon,model,metric,n_subjects,mean,ci95_low,ci95_high,std
first1,behavior,pr_auc,42,0.3531874120661629,0.3159795174331704,0.3903953066991554,0.1194007552109256
first1,behavior,mcc,42,0.23363247895953626,0.19932780243912132,0.26793715547995123,0.11008427980690143
first1,behavior_eeg,pr_auc,42,0.33403643407284733,0.29851581138903754,0.3695570567566571,0.11398627135028849
first1,behavior_eeg,mcc,42,0.20946721024705242,0.17499049050132431,0.24394392999278053,0.11063636938987668
first1,behavior_eeg_et,pr_auc,42,0.32768852740386983,0.2904610542637406,0.3649160005439991,0.11946358296726851
first1,behavior_eeg_et,mcc,42,0.1950994307428183,0.1542440006022855,0.2359548608833511,0.13110575756472181
first1,behavior_et,pr_auc,42,0.3568609526556004,0.31635139327403583,0.397370512037165,0.1299958525235062
first1,behavior_et,mcc,42,0.22601909077428237,0.18176759781833018,0.27027058373023455,0.14200377985016618
first1,behavior_no_propensity,pr_auc,42,0.3007865306624596,0.2642335546771951,0.33733950664772405,0.1172991103338971
first1,behavior_no_propensity,mcc,42,0.19383695459927927,0.1557322857001183,0.23194162349844025,0.12227851880627014
first1,logreg_behavior,pr_auc,42,0.3052246269805955,0.26790778682837796,0.342541467132813,0.11975036320139705
first1,logreg_behavior,mcc,42,0.21118330682892264,0.17055586617755292,0.25181074748029236,0.1303741354868071
first1,logreg_dwell_propensity,pr_auc,42,0.3556812405426013,0.3211303629869801,0.3902321180982225,0.11087434304018286
first1,logreg_dwell_propensity,mcc,42,0.21981152885753033,0.18982011562356957,0.2498029420914911,0.09624294589359993
first1,total_dwell,pr_auc,42,0.3053104788165254,0.2674437649864385,0.3431771926466123,0.12151491701600592
first1,total_dwell,mcc,42,0.19911510532231824,0.15494524319390204,0.24328496745073444,0.14174182516145217
