horizon,model,subject,mcc
first1,gru_probability,S01,0.2844528728025791
first1,gru_probability,S02,0.06113907114191474
first1,gru_probability,S03,0.311990325111153
first1,gru_probability,S05,0.3614486980061245
first1,gru_probability,S06,0.3028045830088007
first1,gru_probability,S07,0.2839060880107423
first1,gru_probability,S08,-0.03766217885773547
first1,gru_probability,S09,0.4366888520580744
first1,gru_probability,S10,0.1386206560167344
first1,gru_probability,S12,0.0
first1,gru_probability,S13,0.11386140806933054
first1,gru_probability,S14,0.08819563514621281
first1,gru_probability,S15,0.3023962201174159
first1,gru_probability,S16,0.19978809236479966
first1,gru_probability,S17,0.2665261208398262
first1,gru_probability,S18,0.2300458938697713
first1,gru_probability,S19,0.2114182452358468
first1,gru_probability,S20,0.16773158659076717
first1,gru_probability,S21,0.509760004716057
first1,gru_probability,S22,0.13291761079937395
first1,gru_probability,S23,0.19703039942183792
first1,gru_probability,S24,0.1950177605266141
first1,gru_probability,S25,0.369716982950492
first1,gru_probability,S26,0.04460719968121822
first1,gru_probability,S27,0.4207404464143403
first1,gru_probability,S28,0.33971780324367457
first1,gru_probability,S29,0.2240178743525643
first1,gru_probability,S30,0.11004776467748226
first1,gru_probability,S31,0.37953173118379635
first1,gru_probability,S32,0.3436753224463078
first1,gru_probability,S33,0.22707269674060118
first1,gru_probability,S34,0.14608981946342475
first1,gru_probability,S35,0.28925652990744766
first1,gru_probability,S36,0.22521648376249556
first1,gru_probability,S37,0.23730263361180232
first1,gru_probability,S38,0.1678659081543468
first1,gru_probability,S39,0.3498633613065241
first1,gru_probability,S40,0.4416313253071939
first1,gru_probability,S41,0.16262498715414692
first1,gru_probability,S42,0.3487915555705579
first1,gru_probability,S43,0.09476225544736293
first1,gru_probability,S44,0.1334422330555842
first1,baseline_probability,S01,0.24741058496256804
first1,baseline_probability,S02,0.1548243297344314
first1,baseline_probability,S03,0.22682842857534313
first1,baseline_probability,S05,0.18321945298396683
first1,baseline_probability,S06,0.22527604667076825
first1,baseline_probability,S07,0.35928232576208663
first1,baseline_probability,S08,0.018211945490271768
first1,baseline_probability,S09,0.36532092547054235
first1,baseline_probability,S10,0.09117252169256433
first1,baseline_probability,S12,0.13789794618724593
first1,baseline_probability,S13,0.24344864218005066
first1,baseline_probability,S14,0.019129521378247034
first1,baseline_probability,S15,0.24313226954193234
first1,baseline_probability,S16,0.17501590203092493
first1,baseline_probability,S17,0.328282173229542
first1,baseline_probability,S18,0.34465950647392785
first1,baseline_probability,S19,0.08657856071845808
first1,baseline_probability,S20,0.14751705860561257
first1,baseline_probability,S21,0.3343953299175327
first1,baseline_probability,S22,0.1333432755297099
first1,baseline_probability,S23,0.23082120545605203
first1,baseline_probability,S24,0.14121975762272057
first1,baseline_probability,S25,0.09774436090225563
first1,baseline_probability,S26,0.10646980527881476
first1,baseline_probability,S27,0.40693701674551014
first1,baseline_probability,S28,0.44625884160429447
first1,baseline_probability,S29,0.19005740882442915
first1,baseline_probability,S30,0.20047380694094002
first1,baseline_probability,S31,0.21109977349683867
first1,baseline_probability,S32,0.1996294580824456
first1,baseline_probability,S33,0.2823909961430266
first1,baseline_probability,S34,0.15143855554873023
first1,baseline_probability,S35,0.2362629671763122
first1,baseline_probability,S36,0.13880077442125707
first1,baseline_probability,S37,0.27957114845967007
first1,baseline_probability,S38,0.07845342800328538
first1,baseline_probability,S39,0.3498633613065241
first1,baseline_probability,S40,0.3295996955621961
first1,baseline_probability,S41,0.18603491787849766
first1,baseline_probability,S42,0.21574283722447712
first1,baseline_probability,S43,0.0907255241435437
first1,baseline_probability,S44,0.23749916847209548
first1,ensemble_average,S01,0.19464740332285582
first1,ensemble_average,S02,0.06078690457922356
first1,ensemble_average,S03,0.19341924215611528
first1,ensemble_average,S05,0.18321945298396683
first1,ensemble_average,S06,0.22527604667076825
first1,ensemble_average,S07,0.3058619448706977
first1,ensemble_average,S08,-0.03766217885773547
first1,ensemble_average,S09,0.2621861860168325
first1,ensemble_average,S10,0.09117252169256433
first1,ensemble_average,S12,0.20688893228742397
first1,ensemble_average,S13,0.13356070330657344
first1,ensemble_average,S14,0.06171543212481474
first1,ensemble_average,S15,0.3034474146530891
first1,ensemble_average,S16,0.16705349677720902
first1,ensemble_average,S17,0.2675100990925972
first1,ensemble_average,S18,0.2291912860873404
first1,ensemble_average,S19,0.11713305445576962
first1,ensemble_average,S20,0.18885058186266926
first1,ensemble_average,S21,0.3803243312299112
first1,ensemble_average,S22,0.10938017153257822
first1,ensemble_average,S23,0.18220165723780804
first1,ensemble_average,S24,0.1413000702801674
first1,ensemble_average,S25,0.13245323570650439
first1,ensemble_average,S26,0.04460719968121822
first1,ensemble_average,S27,0.3284897742657409
first1,ensemble_average,S28,0.3251271347140744
first1,ensemble_average,S29,0.16287957023091282
first1,ensemble_average,S30,0.08788676538896595
first1,ensemble_average,S31,0.2718124329562298
first1,ensemble_average,S32,0.2315394510683665
first1,ensemble_average,S33,0.1675477010558414
first1,ensemble_average,S34,0.03098437264109736
first1,ensemble_average,S35,0.12819624645797956
first1,ensemble_average,S36,0.1147347170630545
first1,ensemble_average,S37,0.17555159345874063
first1,ensemble_average,S38,0.12962962962962962
first1,ensemble_average,S39,0.2906721370584665
first1,ensemble_average,S40,0.3516117020403267
first1,ensemble_average,S41,0.056735734186644945
first1,ensemble_average,S42,0.2552064723408136
first1,ensemble_average,S43,0.0367465459870082
first1,ensemble_average,S44,0.13167745635221284
first1,ensemble_stacked,S01,0.24961561889096767
first1,ensemble_stacked,S02,0.06078690457922356
first1,ensemble_stacked,S03,0.28867513459481287
first1,ensemble_stacked,S05,0.18321945298396683
first1,ensemble_stacked,S06,0.22527604667076825
first1,ensemble_stacked,S07,0.3058619448706977
first1,ensemble_stacked,S08,-0.03766217885773547
first1,ensemble_stacked,S09,0.34868898476603183
first1,ensemble_stacked,S10,0.1917443422836697
first1,ensemble_stacked,S12,0.20688893228742397
first1,ensemble_stacked,S13,0.156494714323792
first1,ensemble_stacked,S14,0.08508332019123721
first1,ensemble_stacked,S15,0.3034474146530891
first1,ensemble_stacked,S16,0.15733162298771747
first1,ensemble_stacked,S17,0.2675100990925972
first1,ensemble_stacked,S18,0.32567642993636176
first1,ensemble_stacked,S19,0.19558677785778958
first1,ensemble_stacked,S20,0.18347257176989062
first1,ensemble_stacked,S21,0.38222995531849313
first1,ensemble_stacked,S22,0.1230941766997598
first1,ensemble_stacked,S23,0.21890997606884138
first1,ensemble_stacked,S24,0.1413000702801674
first1,ensemble_stacked,S25,0.24856567949974837
first1,ensemble_stacked,S26,0.04460719968121822
first1,ensemble_stacked,S27,0.4365197023611312
first1,ensemble_stacked,S28,0.33971780324367457
first1,ensemble_stacked,S29,0.16287957023091282
first1,ensemble_stacked,S30,0.08788676538896595
first1,ensemble_stacked,S31,0.2718124329562298
first1,ensemble_stacked,S32,0.36609719586759404
first1,ensemble_stacked,S33,0.1675477010558414
first1,ensemble_stacked,S34,0.16074412886242315
first1,ensemble_stacked,S35,0.13406160320418903
first1,ensemble_stacked,S36,0.22836895794389603
first1,ensemble_stacked,S37,0.3025335320417288
first1,ensemble_stacked,S38,0.22069654827619686
first1,ensemble_stacked,S39,0.4076923076923077
first1,ensemble_stacked,S40,0.3516117020403267
first1,ensemble_stacked,S41,0.17756236949795526
first1,ensemble_stacked,S42,0.34623194193668905
first1,ensemble_stacked,S43,0.13742162825753632
first1,ensemble_stacked,S44,0.13167745635221284
first2,gru_probability,S01,0.384616945551278
first2,gru_probability,S02,0.44641569764311884
first2,gru_probability,S03,0.2538791342309648
first2,gru_probability,S05,0.3723327511793043
first2,gru_probability,S06,0.3553775251342112
first2,gru_probability,S07,0.5499129987735293
first2,gru_probability,S08,0.1682513579070068
first2,gru_probability,S09,0.3287979746107146
first2,gru_probability,S10,0.0
first2,gru_probability,S12,0.35025537912123333
first2,gru_probability,S13,-0.03877568638419359
first2,gru_probability,S14,0.2255503388053272
first2,gru_probability,S15,0.38842089509798483
first2,gru_probability,S16,0.22915374971630112
first2,gru_probability,S17,0.3889092626740821
first2,gru_probability,S18,0.4069498056845191
first2,gru_probability,S19,0.21018240305464944
first2,gru_probability,S20,0.2666854347749819
first2,gru_probability,S21,0.4104498776409122
first2,gru_probability,S22,0.29753753234664954
first2,gru_probability,S23,0.2685227687437656
first2,gru_probability,S24,0.1759280900762017
first2,gru_probability,S25,0.8100925873009825
first2,gru_probability,S26,0.05560635525486884
first2,gru_probability,S27,0.35902456110631603
first2,gru_probability,S28,0.2326637554878487
first2,gru_probability,S29,0.18142069579207074
first2,gru_probability,S30,0.412305734456817
first2,gru_probability,S31,0.2786391062876764
first2,gru_probability,S32,0.2539860794835586
first2,gru_probability,S33,0.38791170129404834
first2,gru_probability,S34,0.09941949421496528
first2,gru_probability,S35,0.27165268399721654
first2,gru_probability,S36,0.2674284369503055
first2,gru_probability,S37,0.3584255649528124
first2,gru_probability,S38,0.2714178912541068
first2,gru_probability,S39,0.2636452245889606
first2,gru_probability,S40,0.3844422469786091
first2,gru_probability,S41,0.15128168515702486
first2,gru_probability,S42,0.2514465162399486
first2,gru_probability,S43,0.18151372660830073
first2,gru_probability,S44,0.1568632581229234
first2,baseline_probability,S01,0.45657113952281
first2,baseline_probability,S02,0.4291751675908691
first2,baseline_probability,S03,0.19867985355975656
first2,baseline_probability,S05,0.3796630370988601
first2,baseline_probability,S06,0.2648644914570954
first2,baseline_probability,S07,0.5092902054008022
first2,baseline_probability,S08,0.34423942110239797
first2,baseline_probability,S09,0.37532594530273455
first2,baseline_probability,S10,0.1417668148819644
first2,baseline_probability,S12,0.4406878648270159
first2,baseline_probability,S13,0.15075567228888181
first2,baseline_probability,S14,0.1574886506720533
first2,baseline_probability,S15,0.3750556184230516
first2,baseline_probability,S16,0.30598890168694626
first2,baseline_probability,S17,0.42804719467771274
first2,baseline_probability,S18,0.4069498056845191
first2,baseline_probability,S19,0.276175171642895
first2,baseline_probability,S20,0.24893516616930514
first2,baseline_probability,S21,0.41228920298032495
first2,baseline_probability,S22,0.1543721914345577
first2,baseline_probability,S23,0.24897605198514888
first2,baseline_probability,S24,0.23334290973441574
first2,baseline_probability,S25,0.4873096818198015
first2,baseline_probability,S26,0.19503590932172113
first2,baseline_probability,S27,0.37329147871993834
first2,baseline_probability,S28,0.17187916274888174
first2,baseline_probability,S29,0.03902856961254823
first2,baseline_probability,S30,0.25447764865485634
first2,baseline_probability,S31,0.18232322463624387
first2,baseline_probability,S32,0.25957588295302914
first2,baseline_probability,S33,0.4392583373810635
first2,baseline_probability,S34,0.10499063146233248
first2,baseline_probability,S35,0.27264434775927787
first2,baseline_probability,S36,0.1620230638942196
first2,baseline_probability,S37,0.2877120870634322
first2,baseline_probability,S38,0.37131599386575215
first2,baseline_probability,S39,0.261856291253009
first2,baseline_probability,S40,0.5584707468678652
first2,baseline_probability,S41,0.07051772354274909
first2,baseline_probability,S42,0.246187593390705
first2,baseline_probability,S43,0.15257923607235446
first2,baseline_probability,S44,0.19918961507180735
first2,ensemble_average,S01,0.4825811562050755
first2,ensemble_average,S02,0.49935678564237873
first2,ensemble_average,S03,0.245681158031834
first2,ensemble_average,S05,0.595
first2,ensemble_average,S06,0.3553775251342112
first2,ensemble_average,S07,0.5499129987735293
first2,ensemble_average,S08,0.12173922436578168
first2,ensemble_average,S09,0.3651483716701107
first2,ensemble_average,S10,0.283440057833712
first2,ensemble_average,S12,0.40624056564338124
first2,ensemble_average,S13,0.127430709637141
first2,ensemble_average,S14,0.066238409292472
first2,ensemble_average,S15,0.3986412776747885
first2,ensemble_average,S16,0.27261876648095096
first2,ensemble_average,S17,0.5427220512628649
first2,ensemble_average,S18,0.44595864661654133
first2,ensemble_average,S19,0.22332579533034877
first2,ensemble_average,S20,0.26143054936069654
first2,ensemble_average,S21,0.4340549800713495
first2,ensemble_average,S22,0.2707638067882481
first2,ensemble_average,S23,0.2564734280952031
first2,ensemble_average,S24,0.20761369963434992
first2,ensemble_average,S25,0.8100925873009825
first2,ensemble_average,S26,-0.0802111184899685
first2,ensemble_average,S27,0.5277434254308542
first2,ensemble_average,S28,0.2716256390786371
first2,ensemble_average,S29,0.13814885674866445
first2,ensemble_average,S30,0.36159249855128706
first2,ensemble_average,S31,0.3082056514117678
first2,ensemble_average,S32,0.33647499089996835
first2,ensemble_average,S33,0.45097439271569734
first2,ensemble_average,S34,0.1863118671598732
first2,ensemble_average,S35,0.37630240753915856
first2,ensemble_average,S36,0.2674284369503055
first2,ensemble_average,S37,0.4536398924526437
first2,ensemble_average,S38,0.2714178912541068
first2,ensemble_average,S39,0.4027247327641816
first2,ensemble_average,S40,0.4234388245354546
first2,ensemble_average,S41,0.15128168515702486
first2,ensemble_average,S42,0.3525971466916336
first2,ensemble_average,S43,0.13791854994447517
first2,ensemble_average,S44,0.17895780200142722
first2,ensemble_stacked,S01,0.45657113952281
first2,ensemble_stacked,S02,0.49935678564237873
first2,ensemble_stacked,S03,0.245681158031834
first2,ensemble_stacked,S05,0.49995756538459335
first2,ensemble_stacked,S06,0.3261379296790144
first2,ensemble_stacked,S07,0.5874112256775045
first2,ensemble_stacked,S08,0.12173922436578168
first2,ensemble_stacked,S09,0.3651483716701107
first2,ensemble_stacked,S10,0.0
first2,ensemble_stacked,S12,0.40624056564338124
first2,ensemble_stacked,S13,0.1641967238997718
first2,ensemble_stacked,S14,0.11470786693528089
first2,ensemble_stacked,S15,0.38563464405961456
first2,ensemble_stacked,S16,0.2504743833017078
first2,ensemble_stacked,S17,0.4534226563187573
first2,ensemble_stacked,S18,0.4023130978866085
first2,ensemble_stacked,S19,0.22332579533034877
first2,ensemble_stacked,S20,0.312295855694687
first2,ensemble_stacked,S21,0.4573428856392848
first2,ensemble_stacked,S22,0.23552714002267439
first2,ensemble_stacked,S23,0.23438643984095658
first2,ensemble_stacked,S24,0.1860174465512736
first2,ensemble_stacked,S25,0.8100925873009825
first2,ensemble_stacked,S26,0.07346510420043817
first2,ensemble_stacked,S27,0.4892178765964089
first2,ensemble_stacked,S28,0.2419181792854224
first2,ensemble_stacked,S29,0.13814885674866445
first2,ensemble_stacked,S30,0.36159249855128706
first2,ensemble_stacked,S31,0.3082056514117678
first2,ensemble_stacked,S32,0.2953022243367785
first2,ensemble_stacked,S33,0.4115370992337934
first2,ensemble_stacked,S34,0.16272652278213076
first2,ensemble_stacked,S35,0.35936272241992523
first2,ensemble_stacked,S36,0.2674284369503055
first2,ensemble_stacked,S37,0.4536398924526437
first2,ensemble_stacked,S38,0.2714178912541068
first2,ensemble_stacked,S39,0.37720111214087115
first2,ensemble_stacked,S40,0.5273702964616208
first2,ensemble_stacked,S41,0.15128168515702486
first2,ensemble_stacked,S42,0.3441056865654387
first2,ensemble_stacked,S43,0.0715660053495591
first2,ensemble_stacked,S44,0.28357910848009216
first3,gru_probability,S01,0.3191971059593589
first3,gru_probability,S02,0.5622120199655017
first3,gru_probability,S03,0.6003483242402784
first3,gru_probability,S05,0.673300631688496
first3,gru_probability,S06,0.41709967306974666
first3,gru_probability,S07,0.5111618881233315
first3,gru_probability,S08,0.5340002506371505
first3,gru_probability,S09,0.5024390243902439
first3,gru_probability,S10,0.4654746681256314
first3,gru_probability,S12,0.4462909041340062
first3,gru_probability,S13,-0.08776473102050067
first3,gru_probability,S14,0.3631198983890315
first3,gru_probability,S15,0.41640732669874464
first3,gru_probability,S16,0.21541516217143877
first3,gru_probability,S17,0.41761455180057855
first3,gru_probability,S18,0.28714278746323557
first3,gru_probability,S19,0.20107367308916746
first3,gru_probability,S20,0.25362863675089403
first3,gru_probability,S21,0.3103803404066625
first3,gru_probability,S22,0.3086066999241838
first3,gru_probability,S23,0.28750775074509605
first3,gru_probability,S24,0.1909337482021752
first3,gru_probability,S25,0.5716619504750294
first3,gru_probability,S26,0.44528177828086063
first3,gru_probability,S27,0.5498051602938211
first3,gru_probability,S28,0.5321596192469957
first3,gru_probability,S29,0.31666666666666665
first3,gru_probability,S30,0.45434411125112145
first3,gru_probability,S31,0.36514837167011077
first3,gru_probability,S32,0.3179555073634661
first3,gru_probability,S33,0.31833123681909753
first3,gru_probability,S34,0.09173286442120084
first3,gru_probability,S35,0.43993907441663227
first3,gru_probability,S36,0.0071210911486985625
first3,gru_probability,S37,0.4502923976608187
first3,gru_probability,S38,0.19428971226996772
first3,gru_probability,S39,0.3561268014363686
first3,gru_probability,S40,0.3751177565480253
first3,gru_probability,S41,0.4420433223684922
first3,gru_probability,S42,0.3692744729379982
first3,gru_probability,S43,0.5188736501166931
first3,gru_probability,S44,0.19298245614035087
first3,baseline_probability,S01,0.4433293138324429
first3,baseline_probability,S02,0.5785150126807524
first3,baseline_probability,S03,0.3631705961292597
first3,baseline_probability,S05,0.6398037573142549
first3,baseline_probability,S06,0.2491394122482334
first3,baseline_probability,S07,0.43709567783146447
first3,baseline_probability,S08,0.5098883997791599
first3,baseline_probability,S09,0.5410451285655064
first3,baseline_probability,S10,0.4654746681256314
first3,baseline_probability,S12,0.3263202309797035
first3,baseline_probability,S13,0.04492514991275165
first3,baseline_probability,S14,0.3351665277249349
first3,baseline_probability,S15,0.38797014489949266
first3,baseline_probability,S16,0.3055174448225651
first3,baseline_probability,S17,0.48024018015013137
first3,baseline_probability,S18,0.25798424779708484
first3,baseline_probability,S19,0.15660262152466023
first3,baseline_probability,S20,0.38118124993124375
first3,baseline_probability,S21,0.33198106271427547
first3,baseline_probability,S22,0.5101127853361851
first3,baseline_probability,S23,0.3411468750832234
first3,baseline_probability,S24,0.22056438662814232
first3,baseline_probability,S25,0.22952183362121248
first3,baseline_probability,S26,0.2708681694429807
first3,baseline_probability,S27,0.45696813431178934
first3,baseline_probability,S28,0.46851293573300556
first3,baseline_probability,S29,0.34322557080101096
first3,baseline_probability,S30,0.3609647718302481
first3,baseline_probability,S31,0.4303314829119352
first3,baseline_probability,S32,0.1967114938933162
first3,baseline_probability,S33,0.31833123681909753
first3,baseline_probability,S34,0.0575982138666744
first3,baseline_probability,S35,0.27831804136995447
first3,baseline_probability,S36,0.09633877732488687
first3,baseline_probability,S37,0.4214194022334908
first3,baseline_probability,S38,0.26625835182750635
first3,baseline_probability,S39,0.25880936394643733
first3,baseline_probability,S40,0.5145196255354672
first3,baseline_probability,S41,0.33195449253833836
first3,baseline_probability,S42,0.09385033627792616
first3,baseline_probability,S43,-0.012171612389003692
first3,baseline_probability,S44,0.42688482639632963
first3,ensemble_average,S01,0.38924947208076144
first3,ensemble_average,S02,0.5622120199655017
first3,ensemble_average,S03,0.5841995841995842
first3,ensemble_average,S05,0.6693419514856722
first3,ensemble_average,S06,0.4032525419791084
first3,ensemble_average,S07,0.5639694744058122
first3,ensemble_average,S08,0.4837893477088554
first3,ensemble_average,S09,0.37708348463845026
first3,ensemble_average,S10,0.32554302460591167
first3,ensemble_average,S12,0.3109429459502016
first3,ensemble_average,S13,0.008154100913168027
first3,ensemble_average,S14,0.2369511201352155
first3,ensemble_average,S15,0.4159987018110355
first3,ensemble_average,S16,0.29718683234627563
first3,ensemble_average,S17,0.45397969225022583
first3,ensemble_average,S18,0.3029839362175413
first3,ensemble_average,S19,0.13119431691539143
first3,ensemble_average,S20,0.408248290463863
first3,ensemble_average,S21,0.2369352361686757
first3,ensemble_average,S22,0.4303314829119352
first3,ensemble_average,S23,0.3411468750832234
first3,ensemble_average,S24,0.14751965358138247
first3,ensemble_average,S25,0.0
first3,ensemble_average,S26,0.0
first3,ensemble_average,S27,0.5498051602938211
first3,ensemble_average,S28,0.5116840186520556
first3,ensemble_average,S29,0.3289936294775451
first3,ensemble_average,S30,0.45434411125112145
first3,ensemble_average,S31,0.36514837167011077
first3,ensemble_average,S32,0.27779299806094737
first3,ensemble_average,S33,0.31833123681909753
first3,ensemble_average,S34,0.11965811965811966
first3,ensemble_average,S35,0.40433276969208887
first3,ensemble_average,S36,0.11803342130469506
first3,ensemble_average,S37,0.4502923976608187
first3,ensemble_average,S38,0.24977043316177558
first3,ensemble_average,S39,0.4202090316165287
first3,ensemble_average,S40,0.44388907472074196
first3,ensemble_average,S41,0.3099115966531633
first3,ensemble_average,S42,0.2222312407982379
first3,ensemble_average,S43,0.048391079087419846
first3,ensemble_average,S44,0.4011956510627136
first3,ensemble_stacked,S01,0.38924947208076144
first3,ensemble_stacked,S02,0.5622120199655017
first3,ensemble_stacked,S03,0.5443108452661
first3,ensemble_stacked,S05,0.753472076758353
first3,ensemble_stacked,S06,0.4032525419791084
first3,ensemble_stacked,S07,0.5639694744058122
first3,ensemble_stacked,S08,0.4837893477088554
first3,ensemble_stacked,S09,0.46597959442054515
first3,ensemble_stacked,S10,0.32554302460591167
first3,ensemble_stacked,S12,0.4462909041340062
first3,ensemble_stacked,S13,-0.06794038616326149
first3,ensemble_stacked,S14,0.3351665277249349
first3,ensemble_stacked,S15,0.401907470347472
first3,ensemble_stacked,S16,0.29718683234627563
first3,ensemble_stacked,S17,0.46437164603475267
first3,ensemble_stacked,S18,0.3029839362175413
first3,ensemble_stacked,S19,0.13119431691539143
first3,ensemble_stacked,S20,0.3563483225498992
first3,ensemble_stacked,S21,0.38068365359388956
first3,ensemble_stacked,S22,0.4303314829119352
first3,ensemble_stacked,S23,0.3457424608762446
first3,ensemble_stacked,S24,0.1909337482021752
first3,ensemble_stacked,S25,0.39403556489565794
first3,ensemble_stacked,S26,0.0
first3,ensemble_stacked,S27,0.5498051602938211
first3,ensemble_stacked,S28,0.5321596192469957
first3,ensemble_stacked,S29,0.37289976240838874
first3,ensemble_stacked,S30,0.45434411125112145
first3,ensemble_stacked,S31,0.42857142857142855
first3,ensemble_stacked,S32,0.3179555073634661
first3,ensemble_stacked,S33,0.31833123681909753
first3,ensemble_stacked,S34,0.1051845053461001
first3,ensemble_stacked,S35,0.40433276969208887
first3,ensemble_stacked,S36,0.11803342130469506
first3,ensemble_stacked,S37,0.5179014623214541
first3,ensemble_stacked,S38,0.24977043316177558
first3,ensemble_stacked,S39,0.4202090316165287
first3,ensemble_stacked,S40,0.47581075267232587
first3,ensemble_stacked,S41,0.4420433223684922
first3,ensemble_stacked,S42,0.2652798081712527
first3,ensemble_stacked,S43,0.35399791082727655
first3,ensemble_stacked,S44,0.31155486929794796
full,gru_probability,S01,0.4378434427666994
full,gru_probability,S02,0.63055566481364
full,gru_probability,S03,0.5166666666666667
full,gru_probability,S05,0.6194361859425138
full,gru_probability,S06,0.576040213760948
full,gru_probability,S07,0.5475900240942289
full,gru_probability,S08,0.7461538461538462
full,gru_probability,S09,0.5290615626711004
full,gru_probability,S10,0.30782884707546604
full,gru_probability,S12,0.6203596361860676
full,gru_probability,S13,0.13452992583896967
full,gru_probability,S14,0.32314791530102543
full,gru_probability,S15,0.4582917716503128
full,gru_probability,S16,0.41115947478881854
full,gru_probability,S17,0.5063312741904267
full,gru_probability,S18,0.45256416609310696
full,gru_probability,S19,0.32018370020588743
full,gru_probability,S20,0.34576659254684267
full,gru_probability,S21,0.4810599695698692
full,gru_probability,S22,0.42761955733456297
full,gru_probability,S23,0.26968112347525064
full,gru_probability,S24,0.20950078163958907
full,gru_probability,S25,0.6080057539452227
full,gru_probability,S26,0.12517107114785778
full,gru_probability,S27,0.40868459765011167
full,gru_probability,S28,0.5985244299001047
full,gru_probability,S29,0.5413765296853636
full,gru_probability,S30,0.42501843235529774
full,gru_probability,S31,0.4814921178932011
full,gru_probability,S32,0.32808681266568035
full,gru_probability,S33,0.4243164031003223
full,gru_probability,S34,0.05611408793082274
full,gru_probability,S35,0.4281144946661814
full,gru_probability,S36,0.5117024851356291
full,gru_probability,S37,0.5370239596682645
full,gru_probability,S38,0.4192926112920392
full,gru_probability,S39,0.5589336093499987
full,gru_probability,S40,0.5081408383419046
full,gru_probability,S41,0.3971473370501272
full,gru_probability,S42,0.39231792711419494
full,gru_probability,S43,0.47079190906919977
full,gru_probability,S44,0.26865883266066787
full,baseline_probability,S01,0.5408524452393346
full,baseline_probability,S02,0.5206207048969018
full,baseline_probability,S03,0.538353113724248
full,baseline_probability,S05,0.7093841036079205
full,baseline_probability,S06,0.5158640348767676
full,baseline_probability,S07,0.3460734104382403
full,baseline_probability,S08,0.7717278728764668
full,baseline_probability,S09,0.5688434038250009
full,baseline_probability,S10,0.4575717259042118
full,baseline_probability,S12,0.4894913379330675
full,baseline_probability,S13,0.21009230742965992
full,baseline_probability,S14,0.3657789921775293
full,baseline_probability,S15,0.5457274390388627
full,baseline_probability,S16,0.32134085014143376
full,baseline_probability,S17,0.5474724146951987
full,baseline_probability,S18,0.6685992955928447
full,baseline_probability,S19,0.4086752503844192
full,baseline_probability,S20,0.4034732923929645
full,baseline_probability,S21,0.512309001348634
full,baseline_probability,S22,0.5449282610693146
full,baseline_probability,S23,0.575335078855507
full,baseline_probability,S24,0.42307269000066566
full,baseline_probability,S25,0.849624060150376
full,baseline_probability,S26,0.0022589080619906674
full,baseline_probability,S27,0.5330874251899524
full,baseline_probability,S28,0.6185444392683858
full,baseline_probability,S29,0.6018735362997658
full,baseline_probability,S30,0.4235457193057154
full,baseline_probability,S31,0.5781571729044631
full,baseline_probability,S32,0.44170360389624963
full,baseline_probability,S33,0.5076739290111314
full,baseline_probability,S34,0.13715608501491738
full,baseline_probability,S35,0.41858605800129006
full,baseline_probability,S36,0.6282998832736792
full,baseline_probability,S37,0.5024529991884242
full,baseline_probability,S38,0.46198108211280103
full,baseline_probability,S39,0.5928621836148863
full,baseline_probability,S40,0.4235625861941025
full,baseline_probability,S41,0.17756236949795526
full,baseline_probability,S42,0.41664073664192397
full,baseline_probability,S43,0.5468051860543309
full,baseline_probability,S44,0.27649285889778735
full,ensemble_average,S01,0.5408524452393346
full,ensemble_average,S02,0.5818433351570392
full,ensemble_average,S03,0.5399111558947459
full,ensemble_average,S05,0.6194361859425138
full,ensemble_average,S06,0.5763640104236888
full,ensemble_average,S07,0.4231690288583424
full,ensemble_average,S08,0.8215838362577491
full,ensemble_average,S09,0.5484208485107186
full,ensemble_average,S10,0.3943737525585689
full,ensemble_average,S12,0.5149871254827924
full,ensemble_average,S13,0.13452992583896967
full,ensemble_average,S14,0.3155441739304642
full,ensemble_average,S15,0.5266935286130461
full,ensemble_average,S16,0.40243030033481075
full,ensemble_average,S17,0.5350591231874496
full,ensemble_average,S18,0.6152669283976067
full,ensemble_average,S19,0.4164665177569457
full,ensemble_average,S20,0.39776347677239077
full,ensemble_average,S21,0.5228166641906673
full,ensemble_average,S22,0.48394690586207184
full,ensemble_average,S23,0.5031440259502773
full,ensemble_average,S24,0.36848266548445074
full,ensemble_average,S25,0.849624060150376
full,ensemble_average,S26,0.12517107114785778
full,ensemble_average,S27,0.5256931389634797
full,ensemble_average,S28,0.5294878525300226
full,ensemble_average,S29,0.5614403963615102
full,ensemble_average,S30,0.4653676265678033
full,ensemble_average,S31,0.5458010576255661
full,ensemble_average,S32,0.3832183794654403
full,ensemble_average,S33,0.4840499306518724
full,ensemble_average,S34,0.1375526605994076
full,ensemble_average,S35,0.419644844319959
full,ensemble_average,S36,0.6229212163042741
full,ensemble_average,S37,0.53232731034541
full,ensemble_average,S38,0.4502923976608187
full,ensemble_average,S39,0.5446832252884103
full,ensemble_average,S40,0.4066615175201535
full,ensemble_average,S41,0.31220711465747875
full,ensemble_average,S42,0.4366606452443335
full,ensemble_average,S43,0.5694444444444444
full,ensemble_average,S44,0.27649285889778735
full,ensemble_stacked,S01,0.50596527734936
full,ensemble_stacked,S02,0.5707645756108212
full,ensemble_stacked,S03,0.5166666666666667
full,ensemble_stacked,S05,0.7093841036079205
full,ensemble_stacked,S06,0.5670567949510253
full,ensemble_stacked,S07,0.4438124865523354
full,ensemble_stacked,S08,0.86710996952412
full,ensemble_stacked,S09,0.5484208485107186
full,ensemble_stacked,S10,0.3946002313234923
full,ensemble_stacked,S12,0.47258248056504587
full,ensemble_stacked,S13,0.1920062695924765
full,ensemble_stacked,S14,0.38550922280891764
full,ensemble_stacked,S15,0.5341034147805561
full,ensemble_stacked,S16,0.40243030033481075
full,ensemble_stacked,S17,0.5350591231874496
full,ensemble_stacked,S18,0.6208685704575664
full,ensemble_stacked,S19,0.35539740027488687
full,ensemble_stacked,S20,0.39776347677239077
full,ensemble_stacked,S21,0.5228166641906673
full,ensemble_stacked,S22,0.48394690586207184
full,ensemble_stacked,S23,0.510480656481564
full,ensemble_stacked,S24,0.36848266548445074
full,ensemble_stacked,S25,0.7605416958445432
full,ensemble_stacked,S26,0.031181560935001608
full,ensemble_stacked,S27,0.5144721129508728
full,ensemble_stacked,S28,0.5294878525300226
full,ensemble_stacked,S29,0.5759114421506745
full,ensemble_stacked,S30,0.4653676265678033
full,ensemble_stacked,S31,0.5458010576255661
full,ensemble_stacked,S32,0.3772948879577466
full,ensemble_stacked,S33,0.4243164031003223
full,ensemble_stacked,S34,0.14700118730398445
full,ensemble_stacked,S35,0.4890754852675736
full,ensemble_stacked,S36,0.6028571428571429
full,ensemble_stacked,S37,0.5482211671282236
full,ensemble_stacked,S38,0.4737579754506288
full,ensemble_stacked,S39,0.5928621836148863
full,ensemble_stacked,S40,0.4066615175201535
full,ensemble_stacked,S41,0.2529921195043994
full,ensemble_stacked,S42,0.4810991257300011
full,ensemble_stacked,S43,0.49649059726200234
full,ensemble_stacked,S44,0.27649285889778735
