horizon,model,n,n_buy,buy_prevalence,pr_auc,pr_lift,roc_auc,accuracy,balanced_accuracy,buy_f1,buy_precision,buy_recall,specificity,mcc,brier,ece,threshold,mean_subject_pr_auc,std_subject_pr_auc,mean_subject_roc_auc,std_subject_roc_auc,mean_subject_balanced_accuracy,std_subject_balanced_accuracy,mean_subject_buy_f1,std_subject_buy_f1,mean_subject_buy_recall,std_subject_buy_recall,mean_subject_mcc,std_subject_mcc,mean_subject_brier,std_subject_brier,mean_subject_ece,std_subject_ece
first1,prevalence,5715,746,0.1305336832895888,0.1027442715258751,0.7871092651077429,0.39720988628154075,0.8694663167104112,0.5,0.0,0.0,0.0,1.0,0.0,0.11358123143611312,7.763494865975495e-06,,0.13089742076466382,0.043273423659275535,0.5,0.0,0.5,0.0,0.0,0.0,0.0,0.0,0.0,0.0,0.11385159645399799,0.03203052707443653,0.03406036860538883,0.027832526240436573
first1,product_propensity,5715,746,0.1305336832895888,0.21948091735771574,1.681412121580892,0.6472688308261894,0.7238845144356956,0.5900142545983489,0.27879341864716634,0.21151178918169208,0.40884718498659517,0.7711813242101027,0.13963558879970445,0.10903005791969587,0.003308543419344458,,0.2753795102591391,0.09458824754927175,0.6604733693326094,0.08244404664403424,0.5854186862693324,0.06558109609148693,0.261616582442589,0.10313597790905638,0.40057947175438324,0.18738809449983754,0.1322716082875032,0.10425354438642552,0.10928080937363975,0.029899683071574087,0.05627397490020012,0.023098834527911557
first1,visit_count,5715,746,0.1305336832895888,0.1027442715258751,0.7871092651077429,0.39720988628154075,0.8694663167104112,0.5,0.0,0.0,0.0,1.0,0.0,0.11358123143611312,7.763494865975495e-06,,0.13089742076466382,0.043273423659275535,0.5,0.0,0.5,0.0,0.0,0.0,0.0,0.0,0.0,0.0,0.11385159645399799,0.03203052707443653,0.03406036860538883,0.027832526240436573
first1,total_dwell,5715,746,0.1305336832895888,0.24649414220407367,1.8883565987885804,0.6287657740727092,0.8272965879265092,0.5947996883627552,0.29750889679715303,0.3171471927162367,0.2801608579088472,0.9094385188166633,0.19998369000371885,0.11179688498955162,0.05764199069415663,,0.3053104788165254,0.12151491701600592,0.6424799510966689,0.09809220704244677,0.5928750240324955,0.07225146991939198,0.26902579857080855,0.1478129392713985,0.276956991400382,0.1875124500890628,0.19911510532231824,0.14174182516145217,0.1120377528096447,0.03543602792555278,0.07576258878888241,0.03674329559628966
first1,logreg_behavior,5715,746,0.1305336832895888,0.24502445504248666,1.8770975342732052,0.636303257137955,0.8211723534558181,0.6015309665232754,0.3075880758807588,0.31095890410958904,0.3042895442359249,0.8987723888106259,0.20494551412284157,0.22809111070039922,0.34418783070827136,,0.3052246269805955,0.11975036320139705,0.6483050866500114,0.0894167496417782,0.5996092653647485,0.07004992009947712,0.28424609141659485,0.13250059057179467,0.3009043012737566,0.18878240047016284,0.21118330682892264,0.1303741354868071,0.2279968798420046,0.033978214874149704,0.3454888492042839,0.052111523044014285
first1,logreg_dwell_propensity,5715,746,0.1305336832895888,0.2937783161983861,2.250593937096215,0.7089159221489588,0.8045494313210849,0.6170348654958329,0.32670283303194697,0.2968236582694414,0.3632707774798928,0.8707989535117729,0.2152299483653721,0.21454624918997928,0.32358283623077383,,0.3556812405426013,0.11087434304018286,0.7205198919578794,0.0776187597157019,0.6173285296320605,0.060388044984613545,0.310538184378923,0.09763376560264724,0.3655494542364216,0.17423720613081523,0.21981152885753033,0.09624294589359993,0.2144948274126038,0.030318152997213178,0.3247733558285725,0.0511257556637572
first1,logreg_eeg,5715,746,0.1305336832895888,0.1565982266502496,1.1996767631450087,0.5508412209317068,0.7371828521434821,0.528168343461364,0.19593147751605997,0.16310160427807488,0.2453083109919571,0.8110283759307708,0.04778048613802367,0.24636879346443938,0.35667462716224385,,0.17375185058009618,0.06338528727798907,0.5222365407859714,0.0820737290759486,0.5060774331011471,0.038072785122070685,0.1237058981060569,0.11332535010856631,0.20762374191756888,0.26427788848805916,0.009205540199124184,0.07503932824757312,0.24680654429848176,0.054449611587999006,0.3582988183840198,0.06280016536394846
first1,logreg_et,5715,746,0.1305336832895888,0.19189010738716766,1.470042846806519,0.6180072481557236,0.6957130358705161,0.6000162131218919,0.28758705448586647,0.20707964601769913,0.47050938337801607,0.7295230428657677,0.14753886458937565,0.24051240521013462,0.3533375213967965,,0.22975412336585002,0.07792332959767892,0.6201397602722953,0.06487314117520596,0.5942669567266732,0.06456150373696228,0.270178876114834,0.0887052608578311,0.4621306551473704,0.2029567247928454,0.1383312162840787,0.09237224505888629,0.2404117029482984,0.03205412855712344,0.3542773171223206,0.04998793204715708
first1,logreg_fusion,5715,746,0.1305336832895888,0.18996583076328424,1.4553012370136318,0.6084665947642136,0.7014873140857393,0.5822609562666549,0.26906598114824337,0.1977329974811083,0.42091152815013405,0.7436103843831757,0.12373289607323452,0.23591371513359777,0.34082981500375664,,0.21548493664587004,0.07213052442300871,0.5970803570683125,0.07728218516123561,0.5640034666544904,0.061977095549706776,0.2321987020757301,0.10201555327859296,0.3880379208838514,0.2524809133173462,0.10062161236173527,0.08895967968001159,0.23608977365981695,0.04717526046124321,0.3432126258325696,0.0554753387942202
first2,prevalence,4332,653,0.1507386888273315,0.11833709248849815,0.7850479091273721,0.3944308306696631,0.8492613111726686,0.5,0.0,0.0,0.0,1.0,0.0,0.12813568865412672,0.00010333993774688799,,0.15509647625279427,0.05142333604763856,0.5,0.0,0.5,0.0,0.0,0.0,0.0,0.0,0.0,0.0,0.13118057872361305,0.03596590723391245,0.04052861041512233,0.03322858290513109
first2,product_propensity,4332,653,0.1507386888273315,0.2490963989598886,1.6525047477706545,0.6498686514703917,0.7264542936288089,0.5964815410672801,0.3114468332364904,0.250936329588015,0.4104134762633997,0.7825496058711606,0.16018985583002074,0.12227243905955738,0.01147577463067829,,0.3083509891731923,0.10425442321991912,0.6558527127445247,0.08518944407426937,0.6011109487183897,0.06115114553253717,0.30137912286994883,0.09066804387795367,0.4117419074546548,0.15660812492429013,0.16483569128415707,0.0955114561842754,0.12539946488503192,0.03361362326761147,0.06534709265166783,0.028423132977388504
first2,visit_count,4332,653,0.1507386888273315,0.11833709248849815,0.7850479091273721,0.3944308306696631,0.8492613111726686,0.5,0.0,0.0,0.0,1.0,0.0,0.12813568865412672,0.00010333993774688799,,0.15509647625279427,0.05142333604763856,0.5,0.0,0.5,0.0,0.0,0.0,0.0,0.0,0.0,0.0,0.13118057872361305,0.03596590723391245,0.04052861041512233,0.03322858290513109
first2,total_dwell,4332,653,0.1507386888273315,0.3048925443935654,2.0226562056859496,0.6861167663661183,0.7638504155124654,0.6323537798031708,0.3618215845290081,0.30526315789473685,0.444104134762634,0.8206034248437075,0.228896538183384,0.12184791565575688,0.052413644612574375,,0.39236336459176857,0.14218002875044516,0.6972756364620762,0.10771295279446276,0.6318969791464446,0.08859033835005073,0.35014147579589966,0.14622639446076796,0.44504833288497203,0.2265278714979006,0.23960380678677634,0.15624117510089716,0.12501932246573214,0.04065943397758362,0.07934170424142778,0.04111499073553569
first2,logreg_behavior,4332,653,0.1507386888273315,0.31904330071382,2.1165322797737645,0.710040055994309,0.7631578947368421,0.6520993495219547,0.38562874251497004,0.3166175024582104,0.49310872894333846,0.8110899701005708,0.2567891052880689,0.2139593632735469,0.3025713943374855,,0.42198080935739957,0.15431319786709854,0.7257800509683003,0.08947994424755143,0.6516374299618514,0.08829675459623816,0.3845696040863664,0.14463052169011978,0.49541073182690015,0.2269121175883056,0.27783670877863115,0.16240324456187713,0.21532170815101853,0.051241085080434776,0.3083505816433328,0.06947240355739878
first2,logreg_dwell_propensity,4332,653,0.1507386888273315,0.36467239014955544,2.4192355193382453,0.7466977635160363,0.8153277931671283,0.6494353324422751,0.4020926756352765,0.3927007299270073,0.4119448698315467,0.8869257950530035,0.2930836603748652,0.20110480070498077,0.28376923859066744,,0.452664861556559,0.13634171856954497,0.756338887644561,0.07638248661345079,0.6510783482208927,0.08184403257018999,0.38678461032722405,0.14322189659014037,0.41658243334192313,0.20910269701609693,0.30313047253521797,0.1463617306414904,0.20273030860626629,0.04455985687658023,0.2879904615140128,0.06378975141053296
first2,logreg_eeg,4332,653,0.1507386888273315,0.1810260154185417,1.2009260318424544,0.5399687893749009,0.7442289935364728,0.5149969592742552,0.1804733727810651,0.17453505007153075,0.18683001531393567,0.8431639032345746,0.02917315540631575,0.24961293784998506,0.3091371260562768,,0.2066585172016471,0.08680243415963051,0.5317536237907114,0.07418723358462329,0.50648805438235,0.04012603372568289,0.084229903572709,0.13369259996290653,0.15469851673580304,0.2754839578929207,0.012723315792482839,0.08745312531683588,0.24927868836865924,0.06660973664911306,0.31612720134611777,0.09214992478183534
first2,logreg_et,4332,653,0.1507386888273315,0.23031421989917666,1.5279038294077079,0.6437618085678952,0.6874422899353647,0.6062624381500565,0.320962888665998,0.23862788963460105,0.4900459418070444,0.7224789344930688,0.16447831991489062,0.23227533384476798,0.30874135219390186,,0.29408203686516204,0.09499853841185406,0.6460123620895741,0.07428428859414277,0.603922430580065,0.07551162371124279,0.3142668129753317,0.10390095298944524,0.47983717569162154,0.19579104531656527,0.17178262829049903,0.11524086907686382,0.23216742139609692,0.03946837079650297,0.31003949105944606,0.06272825526567145
first2,logreg_fusion,4332,653,0.1507386888273315,0.21721772550807805,1.4410217257289344,0.6160785085833381,0.6588180978762697,0.571146114260525,0.28252427184466017,0.2068230277185501,0.445635528330781,0.696656700190269,0.10871580394747943,0.23469766407649,0.2820701207717201,,0.2827038136278324,0.09658800757590312,0.6253192848888022,0.07534040026708486,0.5688387819853883,0.0652310800591234,0.2478152566171665,0.11635685261910085,0.44093619715999666,0.28992902202971355,0.11489571584491207,0.10626306092232418,0.23238304646085906,0.05277677323069155,0.2832903935450086,0.08469416744037815
first3,prevalence,2835,487,0.17178130511463846,0.13244567510091182,0.7710133242527413,0.3827907188257559,0.8282186948853616,0.5,0.0,0.0,0.0,1.0,0.0,0.14248850492503284,0.00036196922946721277,,0.18520547273869173,0.06195977854611919,0.5,0.0,0.5,0.0,0.0,0.0,0.0,0.0,0.0,0.0,0.15126993049736556,0.04064052608389927,0.051982627497813905,0.03801780593550954
first3,product_propensity,2835,487,0.17178130511463846,0.2882425033625266,1.6779620062274392,0.6524290846506616,0.7523809523809524,0.6006907884380608,0.3389830508474576,0.3130434782608696,0.36960985626283366,0.8317717206132879,0.18890572598277577,0.13485318298558485,0.018325213613567468,,0.3534332901825538,0.12026550345139485,0.6505364688725178,0.09575790324196642,0.5930346753201214,0.0798130523136989,0.31222660476648867,0.14342226798809565,0.3633252138421311,0.1738185612908419,0.16430005402860412,0.1370386735295842,0.1438543820557819,0.038991327273174586,0.08753418191176736,0.037165485211366076
first3,visit_count,2835,487,0.17178130511463846,0.13244567510091182,0.7710133242527413,0.3827907188257559,0.8282186948853616,0.5,0.0,0.0,0.0,1.0,0.0,0.14248850492503284,0.00036196922946721277,,0.18520547273869173,0.06195977854611919,0.5,0.0,0.5,0.0,0.0,0.0,0.0,0.0,0.0,0.0,0.15126993049736556,0.04064052608389927,0.051982627497813905,0.03801780593550954
first3,total_dwell,2835,487,0.17178130511463846,0.34402383986887114,2.0026849815775147,0.7043567158383734,0.7372134038800705,0.6289664146864473,0.37761069340016706,0.3183098591549296,0.46406570841889117,0.7938671209540034,0.2245491975812364,0.13217102866888142,0.04309324780704274,,0.44858796261439243,0.1585834693261044,0.718907026133743,0.09813247192572114,0.6257694334156368,0.09634838814770687,0.36252523849755774,0.1673086755290136,0.4592211186196148,0.26451024325603734,0.23938933463954518,0.18023457320899816,0.14126811528542,0.04149203666257516,0.09819045995642675,0.04947317846338949
first3,logreg_behavior,2835,487,0.17178130511463846,0.3789548581063438,2.2060308474979147,0.7502107608729871,0.7523809523809524,0.6812517271897267,0.44285714285714284,0.36093143596377747,0.5728952772073922,0.7896081771720613,0.307037625590778,0.2039759742195543,0.26867093124573016,,0.49913124888748267,0.1669497240973577,0.7723833623387536,0.10030149364534914,0.6787023759509845,0.1051083377105593,0.4475442805086545,0.15917559290349403,0.5746449022294887,0.2500339816847797,0.3269427772491211,0.1907584900430887,0.20721857081200643,0.058894438407977395,0.28430032709328923,0.07736610340489632
first3,logreg_dwell_propensity,2835,487,0.17178130511463846,0.4224312916100498,2.4591226113233904,0.7755151835281195,0.7784832451499119,0.6823623757735187,0.4539130434782609,0.3936651583710407,0.5359342915811088,0.8287904599659285,0.3250065318562108,0.1923981963178647,0.2531530316592573,,0.5132914135414509,0.1397320610968357,0.7807131837410305,0.0820598414300071,0.679174417005283,0.08777957036781943,0.4479340933836153,0.1303621686433963,0.5386322289517779,0.2172774462438565,0.3364125043755718,0.1428995858292259,0.1961861678042316,0.052088576357547496,0.26646316494691946,0.06780211453746998
first3,logreg_eeg,2835,487,0.17178130511463846,0.20154558072136694,1.173268421653132,0.5475637442324981,0.7329805996472664,0.52876142568799,0.21878224974200206,0.21991701244813278,0.21765913757700206,0.8398637137989778,0.05775897131112445,0.2552310567127249,0.2837322496071186,,0.2611867030093626,0.08548622735299223,0.5458767848914857,0.10182860218262459,0.5201296829386884,0.05672994537596899,0.12296024966891797,0.14539206087768142,0.1768843294689159,0.2687744567817847,0.03503026826584822,0.10956523480829836,0.2548065421661318,0.0673501384836824,0.29820385204296207,0.09351065909392889
first3,logreg_et,2835,487,0.17178130511463846,0.26477479553475847,1.541348142384066,0.6716739135757988,0.617989417989418,0.6131387978409691,0.3526598924088464,0.2487352445193929,0.6057494866529775,0.6205281090289608,0.17302243115772206,0.22804955331427257,0.2704083401044012,,0.3763985760454621,0.14828805621819507,0.6847627331975636,0.08529837482070052,0.6141011428854861,0.07891084287013674,0.35923432437961705,0.13335504141043011,0.6076038031865099,0.2179064782070607,0.1869298132455339,0.14238164652229704,0.22408070099885902,0.06109223781375186,0.27155371558837366,0.0887661652293213
first3,logreg_fusion,2835,487,0.17178130511463846,0.2777905608893033,1.6171175361831105,0.6534068052149762,0.6765432098765433,0.5964082324421326,0.3350253807106599,0.2589686098654709,0.47433264887063653,0.7184838160136287,0.15661696927903326,0.22994157158451217,0.2432951712303709,,0.3724719348415665,0.139495181806949,0.6576064564735462,0.09568616662928149,0.6002136005381737,0.07754909009937361,0.3251786225745311,0.12281328749100526,0.4799278520143182,0.26837179136486966,0.1803549583107336,0.13399134163618417,0.22528263873427506,0.051755672193596565,0.25629154051509895,0.07076772963613977
full,prevalence,5715,746,0.1305336832895888,0.1027442715258751,0.7871092651077429,0.39720988628154075,0.8694663167104112,0.5,0.0,0.0,0.0,1.0,0.0,0.11358123143611312,7.763494865975495e-06,,0.13089742076466382,0.043273423659275535,0.5,0.0,0.5,0.0,0.0,0.0,0.0,0.0,0.0,0.0,0.11385159645399799,0.03203052707443653,0.03406036860538883,0.027832526240436573
full,product_propensity,5715,746,0.1305336832895888,0.21948091735771574,1.681412121580892,0.6472688308261894,0.7238845144356956,0.5900142545983489,0.27879341864716634,0.21151178918169208,0.40884718498659517,0.7711813242101027,0.13963558879970445,0.10903005791969587,0.003308543419344458,,0.2753795102591391,0.09458824754927175,0.6604733693326094,0.08244404664403424,0.5854186862693324,0.06558109609148693,0.261616582442589,0.10313597790905638,0.40057947175438324,0.18738809449983754,0.1322716082875032,0.10425354438642552,0.10928080937363975,0.029899683071574087,0.05627397490020012,0.023098834527911557
full,visit_count,5715,746,0.1305336832895888,0.18555780798751573,1.4215320008695072,0.6236433987235606,0.6741907261592301,0.5762471289825335,0.2622820919175911,0.18616422947131608,0.4436997319034853,0.7087945260615818,0.11097082567893839,0.11535126859142607,0.05276465441819773,,0.23063898681130118,0.07227421205627138,0.6567385996282036,0.1096186113813532,0.5832345993793847,0.0846391568728645,0.25814718759601124,0.09066578641984982,0.45232074608951567,0.2476725738048447,0.1332253376928189,0.11477215581707872,0.11561643906451387,0.03720855093875788,0.07842083026684309,0.042168134490439775
full,total_dwell,5715,746,0.1305336832895888,0.3511163282847392,2.6898523004655286,0.7805663208406868,0.7350831146106737,0.6938587607779493,0.38605028386050283,0.27674418604651163,0.6380697050938338,0.7496478164620648,0.2847716323737182,0.10358851045102599,0.0516079611700932,,0.4617986431374414,0.14804633008719784,0.8272766223037733,0.11346413402684907,0.7048067454709567,0.10924688498557916,0.3859004607321832,0.12087298059714763,0.6587184522332726,0.29361320384541084,0.3169020677776747,0.1466073313559317,0.10398148679077998,0.03671459926805914,0.07931120198272756,0.033446364999949275
full,logreg_behavior,5715,746,0.1305336832895888,0.4651773633753648,3.563657683230844,0.8583294171854775,0.836745406824147,0.7756755422493454,0.5256736146415861,0.42342342342342343,0.693029490616622,0.8583215938820689,0.45316648098670637,0.15214526506058926,0.2279876775113425,,0.6048618349719523,0.17375574878189035,0.8883271859027295,0.0887184716308206,0.7771644119999598,0.10368428801005809,0.5318993968266107,0.15238788733369266,0.6990557426041232,0.2403238207706406,0.4835470434601666,0.16590167353643015,0.15238069899893775,0.07956370818942442,0.2382169264015752,0.10120897176226307
full,logreg_dwell_propensity,5715,746,0.1305336832895888,0.48979244531474053,3.7522303283830323,0.868114211597157,0.8440944881889764,0.7827498317989767,0.5395348837209303,0.43902439024390244,0.6997319034852547,0.8657677601126987,0.46934053159686456,0.14710247512083263,0.21929938721633943,,0.6176172676969413,0.16210102430326423,0.8951291493339245,0.07906527378522171,0.7890270506284542,0.10455086654462309,0.5513930558955992,0.15125972288202608,0.714549193582504,0.23460110710978727,0.5053333144295286,0.16627301774206965,0.1473424056170213,0.07442519509166622,0.22619061398588353,0.09848184618115932
full,logreg_eeg,5715,746,0.1305336832895888,0.19717035667742588,1.5104940863424783,0.6412421895106226,0.6402449693788277,0.5920423785647961,0.2765657987332864,0.1875,0.5268096514745308,0.6572751056550614,0.12868615068454634,0.2301139505417841,0.30241625272233136,,0.24382475378243354,0.09376582122722271,0.6537369569974386,0.10575114258509068,0.5769667145058778,0.08990273376568714,0.24783895871486208,0.11013108150770133,0.5013986531389905,0.2994687711240886,0.11080991547070465,0.12300315369207458,0.23021878576556354,0.08566598743253868,0.30770118714714406,0.10707766099077584
full,logreg_et,5715,746,0.1305336832895888,0.35524505458519856,2.721481885997868,0.8028689402445295,0.8045494313210849,0.7138698267057364,0.4412206103051526,0.35195530726256985,0.5911528150134048,0.836586838398068,0.34829168536516414,0.18575624118168368,0.2559749639019051,,0.4777341518289961,0.15383447885508664,0.8267530801382359,0.0855838998277394,0.7130130623540716,0.0976002299230014,0.4398968048949736,0.14063610358723103,0.5900422746645406,0.23263634813910045,0.36504001259827534,0.15259499911904634,0.18526542340262028,0.08420826518692145,0.2608382973234074,0.10010995028075123
full,logreg_fusion,5715,746,0.1305336832895888,0.394374465144006,3.0212467403458367,0.8031999469094444,0.8152230971128609,0.7097547691127348,0.444794952681388,0.36591695501730104,0.5670241286863271,0.8524854095391426,0.35182932785231497,0.17413435909311992,0.20984883671932028,,0.4855375123567571,0.14414009090047503,0.8221798020152552,0.08657699513350943,0.7042534871397649,0.08391514970072537,0.43111416994435414,0.1308496187326693,0.5557860717385041,0.2173860139783215,0.36251909526130066,0.1374318125976046,0.17364422906492044,0.07968679469954781,0.22247850615357678,0.09856282011805416
