horizon,model,held_out_subject,n,n_buy,buy_prevalence,pr_auc,pr_lift,roc_auc,accuracy,balanced_accuracy,buy_f1,buy_precision,buy_recall,specificity,mcc,brier,ece,threshold
first1,catboost_fusion,S01,129,12,0.09302325581395349,0.26351282758508565,2.8327628965396707,0.6481481481481481,0.8914728682170543,0.6036324786324787,0.3,0.375,0.25,0.9572649572649573,0.24961561889096767,0.12431430258068168,0.2004117476332341,0.5144551582155384
first1,catboost_fusion,S02,127,15,0.11811023622047244,0.17971936135654076,1.5216239261520452,0.5273809523809524,0.7795275590551181,0.5574404761904762,0.2222222222222222,0.19047619047619047,0.26666666666666666,0.8482142857142857,0.09980219387294333,0.19375153549964833,0.27158670793639883,0.544478571133638
first1,catboost_fusion,S03,143,15,0.1048951048951049,0.28664076219771795,2.732641932951578,0.7291666666666667,0.7832167832167832,0.6434895833333334,0.3111111111111111,0.23333333333333334,0.4666666666666667,0.8203125,0.21597383269973422,0.1568615668994555,0.25678100678201504,0.45531348179005343
first1,catboost_fusion,S05,132,8,0.06060606060606061,0.2089356884057971,3.447438858695652,0.7016129032258064,0.9090909090909091,0.6008064516129032,0.25,0.25,0.25,0.9516129032258065,0.20161290322580644,0.12793468938142902,0.2597380952717755,0.5577793866705425
first1,catboost_fusion,S06,144,23,0.1597222222222222,0.27767588232209695,1.7384924806253028,0.5957599712540425,0.8333333333333334,0.5662953647143371,0.25,0.4444444444444444,0.17391304347826086,0.9586776859504132,0.2006696180398617,0.15161246245306315,0.1350493471491728,0.5382629216205396
first1,catboost_fusion,S07,128,12,0.09375,0.1542454677155226,1.6452849889655745,0.5086206896551724,0.84375,0.5402298850574713,0.16666666666666666,0.16666666666666666,0.16666666666666666,0.9137931034482759,0.08045977011494253,0.17011741856245863,0.2670328227936195,0.5446233664826832
first1,catboost_fusion,S08,143,13,0.09090909090909091,0.12385721083234981,1.3624293191558479,0.5189349112426036,0.8881118881118881,0.48846153846153845,0.0,0.0,0.0,0.9769230769230769,-0.04629100498862757,0.13583204900899146,0.21020324290882608,0.5439906502415159
first1,catboost_fusion,S09,131,19,0.1450381679389313,0.4447420248771714,3.0663792241531294,0.6710526315789473,0.8702290076335878,0.7274436090225564,0.5405405405405406,0.5555555555555556,0.5263157894736842,0.9285714285714286,0.46527966398355686,0.16430380712813297,0.2352014268595272,0.5831988162447614
first1,catboost_fusion,S10,122,17,0.13934426229508196,0.2292953199353904,1.6455311195363314,0.6184873949579832,0.8442622950819673,0.5644257703081232,0.24,0.375,0.17647058823529413,0.9523809523809523,0.1802649558901555,0.14789112142403577,0.1654997822876118,0.5
first1,catboost_fusion,S12,133,20,0.15037593984962405,0.1678031806864211,1.1158911515647005,0.5163716814159292,0.7819548872180451,0.48075221238938054,0.06451612903225806,0.09090909090909091,0.05,0.911504424778761,-0.0499561286237223,0.18408731662014718,0.19099841138684573,0.5751832053320413
first1,catboost_fusion,S13,117,29,0.24786324786324787,0.3420059014180115,1.3798169126174946,0.584639498432602,0.5555555555555556,0.5427115987460815,0.36585365853658536,0.2830188679245283,0.5172413793103449,0.5681818181818182,0.0740948864451166,0.27816709802452316,0.2627891359737606,0.5249893750187219
first1,catboost_fusion,S14,134,9,0.06716417910447761,0.10210173873005535,1.5201814433141574,0.5031111111111112,0.8731343283582089,0.5711111111111111,0.19047619047619047,0.16666666666666666,0.2222222222222222,0.92,0.12467322192324919,0.16689732003857088,0.2923309704690707,0.5389869066299279
first1,catboost_fusion,S15,144,28,0.19444444444444445,0.34851220107719305,1.792348462682707,0.5963669950738916,0.5486111111111112,0.5708128078817734,0.3434343434343434,0.23943661971830985,0.6071428571428571,0.5344827586206896,0.11211383720577232,0.255735414236606,0.3141467948650282,0.4615002128434415
first1,catboost_fusion,S16,142,18,0.1267605633802817,0.26044214217255757,2.0545991215835095,0.6693548387096774,0.7394366197183099,0.589605734767025,0.27450980392156865,0.21212121212121213,0.3888888888888889,0.7903225806451613,0.14117008535078637,0.21412060888809076,0.3137203090200266,0.5586403280135341
first1,catboost_fusion,S17,133,21,0.15789473684210525,0.3928992633283135,2.488362001079319,0.6539115646258503,0.8045112781954887,0.59375,0.3157894736842105,0.35294117647058826,0.2857142857142857,0.9017857142857143,0.20477006845011037,0.1721973767903986,0.2226049378270015,0.5154699481963559
first1,catboost_fusion,S18,140,19,0.1357142857142857,0.25457165452637065,1.8757911386153627,0.6320139190952588,0.8071428571428572,0.5556763810352328,0.22857142857142856,0.25,0.21052631578947367,0.9008264462809917,0.11986700268077514,0.18252426534722294,0.2470929262760582,0.5884557312113365
first1,catboost_fusion,S19,141,12,0.0851063829787234,0.21454201372171522,2.520868661230154,0.5956072351421189,0.8368794326241135,0.5707364341085271,0.20689655172413793,0.17647058823529413,0.25,0.8914728682170543,0.1212336926171343,0.15932174659671958,0.24984153652771818,0.5947607146610989
first1,catboost_fusion,S20,144,15,0.10416666666666667,0.5037176721811377,4.835689652938922,0.7953488372093023,0.5902777777777778,0.6534883720930232,0.2716049382716049,0.16666666666666666,0.7333333333333333,0.5736434108527132,0.1882030646932415,0.2657186355186175,0.4143232480649721,0.5525163325924433
first1,catboost_fusion,S21,132,23,0.17424242424242425,0.5433680895704246,3.118460340143306,0.7546868767451137,0.7954545454545454,0.721779018747507,0.509090909090909,0.4375,0.6086956521739131,0.8348623853211009,0.3926021115958463,0.1828897118876038,0.2609172569253365,0.5368682429780942
first1,catboost_fusion,S22,136,21,0.15441176470588236,0.3588778915986206,2.3241615836863048,0.6451345755693583,0.75,0.6186335403726708,0.34615384615384615,0.2903225806451613,0.42857142857142855,0.808695652173913,0.20437160611167057,0.19673957179809562,0.2673981014263001,0.5250966075980781
first1,catboost_fusion,S23,144,21,0.14583333333333334,0.27112379814495857,1.8591346158511444,0.6364692218350754,0.7222222222222222,0.5807200929152149,0.2857142857142857,0.22857142857142856,0.38095238095238093,0.7804878048780488,0.1328393007141729,0.2211214211950293,0.3007515754451137,0.5619239701826069
first1,catboost_fusion,S24,144,18,0.125,0.1953890722006997,1.5631125776055976,0.5396825396825397,0.7708333333333334,0.5357142857142857,0.1951219512195122,0.17391304347826086,0.2222222222222222,0.8492063492063492,0.06448176051047187,0.15535276566738426,0.19131977747368772,0.49493376954795615
first1,catboost_fusion,S25,140,7,0.05,0.20793892252341495,4.158778450468299,0.547798066595059,0.9214285714285714,0.5526315789473684,0.15384615384615385,0.16666666666666666,0.14285714285714285,0.9624060150375939,0.11327216746620856,0.0907234729202173,0.19970478831920344,0.4696073888635886
first1,catboost_fusion,S26,135,33,0.24444444444444444,0.25097038652450765,1.0266970357820768,0.4967320261437908,0.725925925925926,0.5111408199643493,0.13953488372093023,0.3,0.09090909090909091,0.9313725490196079,0.036563621206356534,0.20849835196132496,0.10472859258817946,0.5351513429710574
first1,catboost_fusion,S27,127,10,0.07874015748031496,0.3444377551667732,4.37435949061802,0.8213675213675214,0.8031496062992126,0.755982905982906,0.358974358974359,0.2413793103448276,0.7,0.811965811965812,0.3284897742657409,0.17952585671500865,0.33889832987783647,0.5193395678125305
first1,catboost_fusion,S28,129,16,0.12403100775193798,0.24994980270043776,2.0152202842722793,0.6001106194690266,0.7751937984496124,0.5766039823008849,0.2564102564102564,0.21739130434782608,0.3125,0.8407079646017699,0.13193611915783013,0.1711776553987439,0.2374169585496841,0.4674313693278074
first1,catboost_fusion,S29,136,14,0.10294117647058823,0.23244247108699662,2.2580125762736816,0.6680327868852459,0.8823529411764706,0.5550351288056206,0.2,0.3333333333333333,0.14285714285714285,0.9672131147540983,0.16287957023091282,0.13586654097701872,0.21469845365068338,0.5185805265245922
first1,catboost_fusion,S30,131,20,0.15267175572519084,0.35215895758702653,2.3066411721950235,0.5738738738738739,0.8473282442748091,0.5614864864864865,0.23076923076923078,0.5,0.15,0.972972972972973,0.2115707025137511,0.1594542916343741,0.20764611903166244,0.6239103577815998
first1,catboost_fusion,S31,141,25,0.1773049645390071,0.547599970790161,3.088463835256508,0.6748275862068964,0.8439716312056738,0.7012068965517242,0.5217391304347826,0.5714285714285714,0.48,0.9224137931034483,0.43168960067396717,0.16303993326684157,0.19991184830334324,0.5113233602662854
first1,catboost_fusion,S32,144,17,0.11805555555555555,0.37959204252733697,3.215367889643325,0.731357109773043,0.7847222222222222,0.6486799444187124,0.3404255319148936,0.26666666666666666,0.47058823529411764,0.8267716535433071,0.2362629671763122,0.16938572864046886,0.2702950904835927,0.4899794521379434
first1,catboost_fusion,S33,124,21,0.1693548387096774,0.3826428908930323,2.259415165273143,0.6551086453999074,0.8145161290322581,0.6040221914008321,0.34285714285714286,0.42857142857142855,0.2857142857142857,0.9223300970873787,0.24656072229718,0.1718002349285802,0.21916812519786857,0.5261957396769277
first1,catboost_fusion,S34,138,22,0.15942028985507245,0.17797961901493373,1.1164176101845844,0.45454545454545453,0.7971014492753623,0.4925548589341693,0.06666666666666667,0.125,0.045454545454545456,0.9396551724137931,-0.023325265292479583,0.18448473484300304,0.19464858707055788,0.5228527694442818
first1,catboost_fusion,S35,144,17,0.11805555555555555,0.3368105649693388,2.8529836091520466,0.6586382584529875,0.8263888888888888,0.6468272348309403,0.358974358974359,0.3181818181818182,0.4117647058823529,0.8818897637795275,0.26337326093846214,0.1562961447162686,0.22800149150606824,0.5143623257938533
first1,catboost_fusion,S36,139,14,0.10071942446043165,0.1935165165464971,1.9213425571402212,0.6034285714285714,0.8920863309352518,0.496,0.0,0.0,0.0,0.992,-0.02848849246447679,0.10172251784925479,0.09492585659263049,0.5508642435651473
first1,catboost_fusion,S37,144,22,0.1527777777777778,0.25845965505435364,1.6917359239921328,0.6046944858420269,0.7361111111111112,0.620715350223547,0.3448275862068966,0.2777777777777778,0.45454545454545453,0.7868852459016393,0.2005952394113969,0.20149987894036983,0.2535878690195384,0.5549183505083012
first1,catboost_fusion,S38,141,27,0.19148936170212766,0.21003145277321988,1.096830920037926,0.5250162443144899,0.7163120567375887,0.4571150097465887,0.047619047619047616,0.06666666666666667,0.037037037037037035,0.8771929824561403,-0.10945578424969099,0.20961924879552063,0.1943874023903841,0.5523911764495596
first1,catboost_fusion,S39,143,13,0.09090909090909091,0.4372478646846649,4.809726511531314,0.832544378698225,0.916083916083916,0.6076923076923078,0.3333333333333333,0.6,0.23076923076923078,0.9846153846153847,0.33708038864015377,0.11294295345391062,0.22749791332247637,0.573065888229341
first1,catboost_fusion,S40,134,17,0.12686567164179105,0.3149178340664634,2.4822935155827115,0.5852187028657617,0.7985074626865671,0.6583710407239819,0.37209302325581395,0.3076923076923077,0.47058823529411764,0.8461538461538461,0.26657818464756616,0.16061076377906355,0.21504027708627058,0.4489341032356408
first1,catboost_fusion,S41,137,12,0.08759124087591241,0.1422994328615727,1.6245851918362884,0.5273333333333333,0.9051094890510949,0.5336666666666666,0.13333333333333333,0.3333333333333333,0.08333333333333333,0.984,0.1300656805631864,0.12414102798089126,0.1997753926420608,0.521067808519873
first1,catboost_fusion,S42,142,19,0.13380281690140844,0.322220966282296,2.4081777480045283,0.6619597774925118,0.6408450704225352,0.5924261874197689,0.28169014084507044,0.19230769230769232,0.5263157894736842,0.6585365853658537,0.13062655219760747,0.211017132035757,0.32039049543279724,0.47799398306786733
first1,catboost_fusion,S43,124,16,0.12903225806451613,0.12845580250370436,0.9955324694037089,0.4311342592592593,0.8387096774193549,0.5081018518518519,0.09090909090909091,0.16666666666666666,0.0625,0.9537037037037037,0.02531451046849353,0.16691788806507915,0.1909025769782026,0.5696640198850532
first1,catboost_fusion,S44,139,16,0.11510791366906475,0.1790249960958296,1.5552796535825197,0.5807926829268293,0.841726618705036,0.529979674796748,0.15384615384615385,0.2,0.125,0.9349593495934959,0.07405844775409581,0.12147384463893364,0.11347428048071952,0.4808874970388599
