subject,n_page_intervals,n_unique_pages,raw_left_presses,in_page_presses,mapped_product_presses,outside_page_presses,stale_or_missing_position,outside_roi_presses,ambiguous_roi_presses,unique_buy_products,duplicate_product_presses,considered_products,considered_buy_products,considered_nobuy_products,multivisit_buy_products,et_valid_fraction,et_effective_rate,eeg_effective_rate,raw_eeg_channels,xdf_q76_nonnull_aux,has_primary_both_classes
S01,16,6,17,12,12,5,0,0,0,12,0,129,12,117,11,0.9610648148148148,119.9982526590686,299.99465633349814,24,16,1
S02,7,6,18,15,15,3,0,0,0,15,0,127,15,112,15,0.8644166666666667,119.99795339005024,299.9995689211097,24,25,1
S03,7,6,15,15,15,0,0,0,0,15,0,143,15,128,15,0.9189367816091955,119.99820434793602,299.9933197211629,24,26,1
S05,9,6,9,8,8,1,0,0,0,8,0,132,8,124,8,0.9500225225225225,119.99812167892848,299.9935216502639,24,12,1
S06,7,6,23,23,23,0,0,0,0,23,0,144,23,121,23,0.9361025641025641,119.9980124111402,299.9973377018998,24,46,1
S07,7,6,15,12,12,3,0,0,0,12,0,128,12,116,12,0.9590714285714286,119.99801184286298,300.00416404765366,24,19,1
S08,19,6,16,15,15,1,0,0,0,13,2,143,13,130,13,0.9618115942028985,119.99810504073159,299.9970546684888,24,22,1
S09,11,6,19,19,19,0,0,0,0,19,0,131,19,112,14,0.8550231481481482,119.99822106682487,299.9999446533958,24,19,1
S10,12,6,24,23,23,1,0,0,0,22,1,122,17,105,11,0.6670085470085471,119.99816083351256,300.00512656134384,24,24,1
S12,7,6,21,20,20,1,0,0,0,20,0,133,20,113,20,0.8776388888888889,119.9979555029757,299.9951755160682,24,27,1
S13,7,6,33,32,32,1,0,0,0,32,0,117,29,88,24,0.7534217171717171,119.99782235015051,299.9966882944149,24,46,1
S14,8,6,12,9,9,3,0,0,0,9,0,134,9,125,9,0.9105405405405406,119.99790048123077,299.99772029125546,24,20,1
S15,10,6,28,28,28,0,0,0,0,28,0,144,28,116,26,0.9333064516129033,119.9977454552937,299.9989172992993,24,32,1
S16,8,6,23,19,19,4,0,0,0,19,0,142,18,124,17,0.9702631578947368,119.99792616111733,299.9953865032056,24,27,1
S17,7,6,23,21,21,2,0,0,0,21,0,133,21,112,20,0.9673850574712644,119.99781718368621,299.99798358461976,24,22,1
S18,13,6,28,19,19,9,0,0,0,19,0,140,19,121,19,0.9648770491803279,119.99777682581018,299.9954861629951,24,42,1
S19,19,6,13,12,12,1,0,0,0,12,0,141,12,129,12,0.9615456989247312,119.9977668651357,299.9955458800951,24,27,1
S20,7,6,19,15,15,4,0,0,0,15,0,144,15,129,9,0.9516296296296296,119.99762964048402,299.99294181983447,24,22,1
S21,7,6,25,23,23,2,0,0,0,23,0,132,23,109,17,0.8427619047619047,119.99744907436526,299.994007569546,24,28,1
S22,13,6,22,21,21,1,0,0,0,21,0,136,21,115,18,0.9700277777777778,119.99767298771337,299.9940425659182,24,29,1
S23,13,6,25,21,21,4,0,0,0,21,0,144,21,123,21,0.9479337899543379,119.99789306346639,299.99661414419603,24,37,1
S24,13,6,19,18,18,1,0,0,0,18,0,144,18,126,16,0.973563829787234,119.99755600902742,299.99778632623435,24,40,1
S25,15,6,8,7,7,1,0,0,0,7,0,140,7,133,6,0.904537037037037,119.99778432233235,299.99920752413584,24,17,1
S26,7,6,35,33,33,2,0,0,0,33,0,135,33,102,21,0.8754761904761905,119.99759516617898,299.9970671472036,24,73,1
S27,7,6,11,10,10,1,0,0,0,10,0,127,10,117,8,0.9309770114942528,119.99782255174858,299.9983526573608,24,17,1
S28,7,6,18,16,16,2,0,0,0,16,0,129,16,113,16,0.9224523809523809,119.99764358140722,299.9922282618086,24,32,1
S29,19,6,15,14,14,1,0,0,0,14,0,136,14,122,13,0.9731007751937985,119.99757942425376,299.99517616501856,24,33,1
S30,13,6,22,20,20,2,0,0,0,20,0,131,20,111,13,0.9713690476190476,119.9976375403684,299.99847838508475,24,35,1
S31,7,6,27,25,25,2,0,0,0,25,0,141,25,116,18,0.9308064516129032,119.99780461991561,299.9943322690269,24,40,1
S32,7,6,18,17,17,1,0,0,0,17,0,144,17,127,16,0.908731884057971,119.99783098730512,299.99681276616997,24,23,1
S33,7,6,23,21,21,2,0,0,0,21,0,124,21,103,14,0.9861388888888889,119.99778496458306,300.01117231411035,24,22,1
S34,7,6,27,26,26,1,0,0,0,23,3,138,22,116,19,0.8575146198830409,119.99775580515295,299.99552587483896,24,28,1
S35,7,6,19,17,17,2,0,0,0,17,0,144,17,127,16,0.9237938596491229,119.99784768162877,299.99692919974365,24,20,1
S36,7,6,16,14,14,2,0,0,0,14,0,139,14,125,14,0.8635416666666667,119.9977931084061,299.99159733095456,24,16,1
S37,7,6,48,22,22,26,0,0,0,22,0,144,22,122,22,0.9221843434343434,119.99798804976135,300.00009862055913,24,24,1
S38,13,6,29,28,28,1,0,0,0,27,1,141,27,114,26,0.9821333333333333,119.99786310004598,299.99406838677334,24,38,1
S39,7,6,14,13,13,1,0,0,0,13,0,143,13,130,13,0.9740625,119.99782922871177,300.0004610544598,24,15,1
S40,7,6,19,17,17,2,0,0,0,17,0,134,17,117,12,0.9380238095238095,119.99757979047672,299.9995274813516,24,21,1
S41,10,6,13,12,12,1,0,0,0,12,0,137,12,125,9,0.8694722222222222,119.99768282651668,300.0043339908021,24,12,1
S42,12,6,24,19,19,5,0,0,0,19,0,142,19,123,19,0.9121639784946236,119.99793758458762,299.9933639821705,24,29,1
S43,7,6,17,16,16,1,0,0,0,16,0,124,16,108,15,0.9578448275862069,119.99825655498387,300.00160657730515,24,17,1
S44,9,6,17,16,16,1,0,0,0,16,0,139,16,123,13,0.9328153153153154,119.99804710443559,299.9984021303776,24,23,1
