subject,click_time,reason,page,screen_x,screen_y,brochure_x,brochure_y,mouse_staleness_s
S01,332974.2446134155,outside_page_interval,,,,,,
S01,333114.62854966667,outside_page_interval,,,,,,
S01,333118.69254609576,outside_page_interval,,,,,,
S01,333339.72348454007,outside_page_interval,,,,,,
S01,333341.6546211064,outside_page_interval,,,,,,
S02,335680.7445193979,outside_page_interval,,,,,,
S02,335688.7285166335,outside_page_interval,,,,,,
S02,335925.1527406864,outside_page_interval,,,,,,
S05,685806.0691640225,outside_page_interval,,,,,,
S07,691032.6209810443,outside_page_interval,,,,,,
S07,691033.9648752108,outside_page_interval,,,,,,
S07,691165.8207352322,outside_page_interval,,,,,,
S08,757314.8412017162,outside_page_interval,,,,,,
S10,933523.9640528127,outside_page_interval,,,,,,
S12,2306.9307281685715,outside_page_interval,,,,,,
S13,4073.3800825639432,outside_page_interval,,,,,,
S14,365715.20605905034,outside_page_interval,,,,,,
S14,366085.11527291563,outside_page_interval,,,,,,
S14,366085.93302999344,outside_page_interval,,,,,,
S16,438267.9492208218,outside_page_interval,,,,,,
S16,438270.6132177139,outside_page_interval,,,,,,
S16,438271.20514701214,outside_page_interval,,,,,,
S16,438422.34935816727,outside_page_interval,,,,,,
S17,441634.43760104507,outside_page_interval,,,,,,
S17,441791.33647580596,outside_page_interval,,,,,,
S18,443870.74189722224,outside_page_interval,,,,,,
S18,443876.8218025312,outside_page_interval,,,,,,
S18,443880.069901636,outside_page_interval,,,,,,
S18,444332.3940137027,outside_page_interval,,,,,,
S18,444334.9074886064,outside_page_interval,,,,,,
S18,444336.15932190826,outside_page_interval,,,,,,
S18,444336.5338058088,outside_page_interval,,,,,,
S18,444338.2290308113,outside_page_interval,,,,,,
S18,444339.1064560126,outside_page_interval,,,,,,
S19,446224.88613554876,outside_page_interval,,,,,,
S20,452263.8148194819,outside_page_interval,,,,,,
S20,452404.82288996794,outside_page_interval,,,,,,
S20,452717.67140277463,outside_page_interval,,,,,,
S20,452718.86370586435,outside_page_interval,,,,,,
S21,454904.87914106407,outside_page_interval,,,,,,
S21,455120.38870619505,outside_page_interval,,,,,,
S22,524907.045839192,outside_page_interval,,,,,,
S23,605808.726004814,outside_page_interval,,,,,,
S23,605810.0459996106,outside_page_interval,,,,,,
S23,605810.621994009,outside_page_interval,,,,,,
S23,605950.3500625404,outside_page_interval,,,,,,
S24,610409.0465453174,outside_page_interval,,,,,,
S25,957319.1369408837,outside_page_interval,,,,,,
S26,962645.0334094506,outside_page_interval,,,,,,
S26,962793.9690358086,outside_page_interval,,,,,,
S27,1043806.4612762881,outside_page_interval,,,,,,
S28,1046974.2216363503,outside_page_interval,,,,,,
S28,1047186.6538292586,outside_page_interval,,,,,,
S29,1051941.6061826954,outside_page_interval,,,,,,
S30,1056067.1186377315,outside_page_interval,,,,,,
S30,1056213.587324578,outside_page_interval,,,,,,
S31,1726541.7958177528,outside_page_interval,,,,,,
S31,1726683.5238286497,outside_page_interval,,,,,,
S32,2093918.9325284425,outside_page_interval,,,,,,
S33,52985.40583415616,outside_page_interval,,,,,,
S33,53286.3017672141,outside_page_interval,,,,,,
S34,305488.2384575624,outside_page_interval,,,,,,
S35,310662.5564301675,outside_page_interval,,,,,,
S35,311040.0219297613,outside_page_interval,,,,,,
S36,317390.9061442892,outside_page_interval,,,,,,
S36,317755.8812761514,outside_page_interval,,,,,,
S37,389278.42057261063,outside_page_interval,,,,,,
S37,389822.52443080075,outside_page_interval,,,,,,
S37,389826.7322484829,outside_page_interval,,,,,,
S37,389844.9803500054,outside_page_interval,,,,,,
S37,389852.1323776751,outside_page_interval,,,,,,
S37,389860.51618073945,outside_page_interval,,,,,,
S37,389861.7403136343,outside_page_interval,,,,,,
S37,389877.8363704659,outside_page_interval,,,,,,
S37,389892.25220500474,outside_page_interval,,,,,,
S37,389892.40417780407,outside_page_interval,,,,,,
S37,389894.3962998956,outside_page_interval,,,,,,
S37,389894.5563899949,outside_page_interval,,,,,,
S37,389905.6523556478,outside_page_interval,,,,,,
S37,389905.860339247,outside_page_interval,,,,,,
S37,389908.5082815357,outside_page_interval,,,,,,
S37,389908.87626403413,outside_page_interval,,,,,,
S37,389909.0281806335,outside_page_interval,,,,,,
S37,389915.66020100535,outside_page_interval,,,,,,
S37,389915.7882435048,outside_page_interval,,,,,,
S37,389919.27628229005,outside_page_interval,,,,,,
S37,389922.34842057695,outside_page_interval,,,,,,
S37,389924.30031136866,outside_page_interval,,,,,,
S37,389927.80426045385,outside_page_interval,,,,,,
S37,389927.94830465317,outside_page_interval,,,,,,
S37,389928.71615874994,outside_page_interval,,,,,,
S37,389941.7723267945,outside_page_interval,,,,,,
S38,610.7477201764857,outside_page_interval,,,,,,
S39,597950.9808899731,outside_page_interval,,,,,,
S40,605744.4378155571,outside_page_interval,,,,,,
S40,605891.021780549,outside_page_interval,,,,,,
S41,768065.6502745354,outside_page_interval,,,,,,
S42,1042923.763601324,outside_page_interval,,,,,,
S42,1042925.0111794273,outside_page_interval,,,,,,
S42,1042925.1391563276,outside_page_interval,,,,,,
S42,1042927.4513370334,outside_page_interval,,,,,,
S42,1043542.9519961996,outside_page_interval,,,,,,
S43,83959.14217565616,outside_page_interval,,,,,,
S44,87039.21033317436,outside_page_interval,,,,,,
