condition,horizon,n,n_buy,pr_auc,roc_auc,balanced_accuracy,buy_f1,buy_recall,mcc,ece,pr_lift,mean_subject_pr_auc,std_subject_pr_auc,mean_subject_roc_auc,std_subject_roc_auc,mean_subject_balanced_accuracy,std_subject_balanced_accuracy,mean_subject_mcc,std_subject_mcc,mean_subject_ece,std_subject_ece
behavior,first1,5715,746,0.2735984399669149,0.7020323593410512,0.6244363849432163,0.3350664355863663,0.38873994638069703,0.22198958939164226,0.23146003424886644,2.095998772668792,0.3531874120661629,0.11797075446124393,0.7187517005703382,0.08057660051416196,0.6206000407105055,0.06563726174245313,0.23363247895953626,0.10876585763801358,0.23239946790972854,0.058218389654599564
behavior,first2,4332,653,0.3741879540551092,0.7533282522757575,0.6493847577430281,0.3846629560915275,0.4762633996937213,0.2570000506865508,0.31138784703235334,2.482361741143542,0.47030169249354586,0.1464703238370796,0.7671450561627198,0.0885721241757226,0.6524502804375681,0.08162729933307346,0.2951336193543489,0.14436128336198725,0.31461976874720915,0.07280689840181978
behavior,first3,2835,487,0.4132088675195556,0.7657720844162887,0.6634940304824937,0.42907801418439717,0.49691991786447637,0.29484793903847084,0.3601618008376009,2.4054356045542917,0.528263739659752,0.140030061891895,0.7784364363430664,0.08654763731601009,0.6655473205558006,0.08449171691867956,0.33109122655692946,0.1528696556919313,0.36341135221122406,0.087459737782719
behavior,full,5715,746,0.4429485255005635,0.847647505688081,0.7409831032832517,0.4749130650769995,0.6407506702412868,0.39088571900816244,0.36949910959937754,3.393365714793191,0.5558477026310128,0.14735125523758427,0.8734545082862551,0.08479347059865568,0.7467106948475224,0.10662180271361094,0.42154581997442686,0.15426881707078396,0.3692203944384439,0.08215420100060669
behavior_et,first1,5715,746,0.3003006747311887,0.6902700226659984,0.6174732402558059,0.3288177339901478,0.3579088471849866,0.21950153120702373,0.22477451342688456,2.300560799046573,0.3568609526556004,0.12843895980339123,0.7075229620090268,0.0659920314442775,0.612091616369352,0.07502349799629254,0.22601909077428237,0.1403030744292947,0.22854304245823703,0.0687255901691582
behavior_et,first2,4332,653,0.38319748624944927,0.7439244801108231,0.6486065733788936,0.39882697947214074,0.4165390505359878,0.2871047895954582,0.30191925908150774,2.542130950126515,0.463823654682323,0.1360332293107657,0.7617770625883945,0.08482573106186726,0.6493293143668669,0.07883363489774577,0.31524012221432723,0.1463634197353698,0.30530149254349165,0.08913199589398471
behavior_et,first3,2835,487,0.3982677339598357,0.7541426317648992,0.651112922352546,0.41354071363220496,0.46406570841889117,0.2780697719188462,0.3502961087071812,2.3184579584725546,0.5104680527705595,0.143553914102635,0.7669734425626525,0.08032452996836344,0.656921825297144,0.1019996145455459,0.3196283515102378,0.17434498667717346,0.35007728220002854,0.10353189502132953
behavior_et,full,5715,746,0.42858721145677553,0.8404265966418065,0.7403469877853954,0.4750499001996008,0.6380697050938338,0.3908507536913056,0.3581830837194297,3.2833457285193997,0.5547737583942451,0.15851238947011181,0.8727397371338174,0.08390256248069433,0.742664445623312,0.10507038288891514,0.4224419821290898,0.16022713497083826,0.3577376153895906,0.1017664315345113
behavior_eeg,first1,5715,746,0.27263325400301697,0.6858039954959354,0.6174828170582545,0.31785345717234265,0.4128686327077748,0.19483045191688325,0.2147710154333322,2.088604620143756,0.33403643407284733,0.1126211170579527,0.6974058252086927,0.07915888653561677,0.6110172506835019,0.06443508648480002,0.20946721024705242,0.1093113351311729,0.21744749845792952,0.07106012302090063
behavior_eeg,first2,4332,653,0.3665777769682776,0.7386399443553433,0.6460572339094409,0.3880190605854323,0.43644716692189894,0.2673037424108314,0.29504414209588636,2.4318758496578536,0.44588130163576073,0.14487711373244613,0.7513823910154142,0.10303128036110837,0.6425134077914806,0.08857551948009496,0.2794120868849474,0.1651964980013088,0.2986553063275574,0.08597371757358954
behavior_eeg,first3,2835,487,0.3961504073569293,0.7416334055109158,0.6629767480909088,0.42480883602378927,0.5133470225872689,0.28650418947028605,0.34239201632967287,2.306132248166108,0.49188298331166097,0.1286035655162651,0.7578745174283706,0.08694396004650962,0.6560623527952351,0.09709286648630583,0.3095695952196128,0.15411904429361084,0.344556707764995,0.10805733456326441
behavior_eeg,full,5715,746,0.42686759846191413,0.8281838012298234,0.7330049524208269,0.46282619399310687,0.6300268096514745,0.3760500343601213,0.3483072214428261,3.270172017707559,0.5262973978627146,0.1536688246311695,0.8594019423950218,0.09340324452709445,0.7351767939778523,0.106830957316996,0.4137746854408426,0.15970845160207364,0.3485390347406901,0.10319572941794358
behavior_eeg_et,first1,5715,746,0.26506062374066547,0.6805696659773167,0.6120237698934466,0.3119363395225464,0.3941018766756032,0.1889466609774348,0.20917293843768425,2.030591775707645,0.32768852740386983,0.1180328297622233,0.6878100220858244,0.07876697177198015,0.6071409014416072,0.07579218511795711,0.1950994307428183,0.12953557208914468,0.21579859179546335,0.06785486998174128
behavior_eeg_et,first2,4332,653,0.35448300472513117,0.7307188641963182,0.6409958095843842,0.38309859154929576,0.4165390505359878,0.26432012845610564,0.28628166643528585,2.351639167640533,0.4371426656816177,0.14771583168658056,0.7423085347305369,0.10501809288068793,0.6343836607562198,0.0741576875269918,0.29188142851522664,0.14696774016327402,0.2927556578790838,0.0944589893189204
behavior_eeg_et,first3,2835,487,0.39457860284056234,0.7431603286820188,0.6552577404335552,0.41979835013748856,0.4702258726899384,0.2860411592215486,0.3370403746208685,2.296982215714567,0.48924090910173323,0.14225317233090148,0.7565279689164275,0.08409691003075295,0.6404097793656033,0.09645744600899195,0.2812471019686573,0.175644668895431,0.3386034569765566,0.10721246555120306
behavior_eeg_et,full,5715,746,0.4142465900622114,0.8240172177419571,0.7260400542343765,0.4622496147919877,0.6032171581769437,0.3738238702870849,0.3441718975072262,3.1734842656910693,0.5314863352047782,0.158582703676332,0.8593977203114297,0.09200403757204553,0.7143481021545126,0.12169333293011225,0.39295814925049893,0.17508604518338358,0.34591851268138757,0.1086524270152479
behavior_no_propensity,first1,5715,746,0.2341430415098076,0.6257045694026827,0.6026255545777925,0.3050430504305043,0.3324396782841823,0.19157985909512754,0.22616196939377853,1.7937365713519442,0.3007865306624596,0.11589427989192752,0.6417378143002219,0.09721220536547868,0.5973758279071057,0.0666416088014183,0.19383695459927927,0.12081405257861491,0.2292114568163007,0.061586890380912016
behavior_no_propensity,first2,4332,653,0.3251185910237968,0.7122208037256279,0.6483703499894063,0.38158691701998787,0.48238897396630936,0.25214510008541535,0.3167124285000623,2.1568357370828295,0.4275875960362511,0.15081268076708573,0.7410796152696932,0.09793831726625968,0.6437774627431403,0.10052664961828287,0.27453122007249164,0.182580881569035,0.318580886174585,0.0835207140471453
behavior_no_propensity,first3,2835,487,0.3533323736573346,0.730729809807989,0.6570443979585054,0.4098613251155624,0.5462012320328542,0.2621502585352912,0.37382801867876947,2.056873263487769,0.5118573939086332,0.1581531596730974,0.7672374300964929,0.11165021433145209,0.6590160492465087,0.11378389612230935,0.2899707281265163,0.20783140159872535,0.37204186073934103,0.09902094159604313
behavior_no_propensity,full,5715,746,0.4075188091660247,0.8328530994039721,0.7489367051591179,0.4557617608977126,0.707774798927614,0.3756858855125124,0.37857233777133814,3.121943692203527,0.5415293182471778,0.16155595603820164,0.865864360074079,0.09861140345545011,0.7569178104672799,0.11326268874514105,0.41964024369798086,0.17292538946332087,0.378908372284869,0.09493782143981738
