horizon,model,subject,pr_auc,roc_auc,mcc
first1,gru,S01,0.3172254645938856,0.75997150997151,0.23146362586192507
first1,gru,S02,0.19930456329420887,0.6607142857142857,0.11664445079163585
first1,gru,S03,0.36414751470342377,0.7536458333333333,0.2376763317539651
first1,gru,S05,0.3711569855214813,0.8901209677419355,0.4092600597738003
first1,gru,S06,0.4103735547782117,0.6924182536830759,0.3486397401925256
first1,gru,S07,0.4465683683352072,0.790948275862069,0.3166692820873667
first1,gru,S08,0.18657298580912232,0.6857988165680473,-0.0601929265428846
first1,gru,S09,0.3923731417711366,0.694548872180451,0.354735873711285
first1,gru,S10,0.22963128852407724,0.6067226890756302,0.15217559302527192
first1,gru,S12,0.3150762164919159,0.7367256637168142,0.009906303903912686
first1,gru,S13,0.4913021540782739,0.6778996865203761,0.0938992761825402
first1,gru,S14,0.15132753057909215,0.632,0.11193461065591105
first1,gru,S15,0.5094624815750671,0.7850985221674878,0.3598114585644622
first1,gru,S16,0.2297333201964366,0.7186379928315413,0.2645245731051376
first1,gru,S17,0.35569140208362315,0.6203231292517007,0.30668734128934194
first1,gru,S18,0.3883076485040884,0.7648977816441932,0.18617770992648885
first1,gru,S19,0.2615523050827244,0.7803617571059431,0.18797710529107278
first1,gru,S20,0.3047071507378126,0.7850129198966408,0.14257807931306174
first1,gru,S21,0.6203945404825723,0.7794176306342242,0.42664231748098996
first1,gru,S22,0.2953392245310834,0.6519668737060041,0.14441324636915523
first1,gru,S23,0.30120610590715796,0.6918312040263259,0.15508353032665656
first1,gru,S24,0.22547855576523546,0.6834215167548502,0.16803945910472096
first1,gru,S25,0.3086275552404585,0.8453276047261009,0.19237614156586572
first1,gru,S26,0.3784020708321797,0.6788472964943554,0.19973070625344516
first1,gru,S27,0.6427761485826001,0.841025641025641,0.3939235055322864
first1,gru,S28,0.53638514117683,0.8769358407079646,0.33971780324367457
first1,gru,S29,0.3620437054860134,0.7476580796252927,0.37269779316665
first1,gru,S30,0.2942356082127129,0.6436936936936937,0.25039464868240385
first1,gru,S31,0.5641560657856929,0.7524137931034482,0.3826705915133738
first1,gru,S32,0.3456618102973162,0.7288096340898564,0.30335079926636827
first1,gru,S33,0.46676787621010435,0.6888580674988442,0.15689522005998646
first1,gru,S34,0.3187157978213862,0.6849529780564263,0.11592433971108666
first1,gru,S35,0.29464854360243714,0.6327003242241779,0.2281427971247744
first1,gru,S36,0.2653623026846502,0.7085714285714286,0.18435965620220293
first1,gru,S37,0.3970743502692813,0.7529806259314455,0.2005952394113969
first1,gru,S38,0.29449457208081486,0.5776478232618584,0.26167969080829284
first1,gru,S39,0.39953609017110997,0.7710059171597634,0.3912540225287499
first1,gru,S40,0.5162920747308837,0.8743086978381096,0.39078818921765635
first1,gru,S41,0.16715006736894766,0.5526666666666666,0.1262804785359133
first1,gru,S42,0.43047259577850466,0.7513906718014548,0.2930416366912437
first1,gru,S43,0.20285667511493832,0.5960648148148148,0.04912754510304755
first1,gru,S44,0.28127975198614097,0.6392276422764228,0.13954582212837474
first1,baseline,S01,0.3487862412794302,0.7571225071225072,0.2972414008766836
first1,baseline,S02,0.2399499670568309,0.7303571428571428,0.18796545015763316
first1,baseline,S03,0.3655034097072925,0.7880208333333334,0.2876172835165838
first1,baseline,S05,0.3422745114792328,0.8649193548387096,0.2976753866294939
first1,baseline,S06,0.41595845380988117,0.6823571685231764,0.17898108679462157
first1,baseline,S07,0.4131547254021571,0.8045977011494253,0.28571062696509114
first1,baseline,S08,0.17499921615842381,0.657396449704142,0.19552516077368462
first1,baseline,S09,0.4612093179231168,0.7138157894736841,0.27945419609214794
first1,baseline,S10,0.2607101061219813,0.6134453781512605,0.1646989477860965
first1,baseline,S12,0.37657369662601237,0.7765486725663717,0.3021224977842335
first1,baseline,S13,0.5016235879297541,0.7049373040752351,0.20048587903956136
first1,baseline,S14,0.20955293180924317,0.6497777777777778,0.0966901112305987
first1,baseline,S15,0.45352081030442737,0.7854064039408867,0.38783360036841424
first1,baseline,S16,0.22506046386016262,0.6980286738351255,0.2136235255180164
first1,baseline,S17,0.4023722652398448,0.6420068027210885,0.24669686899089777
first1,baseline,S18,0.45535388202465626,0.8051326663766856,0.35753791057512946
first1,baseline,S19,0.22924175863829985,0.8010335917312661,0.3431396481265778
first1,baseline,S20,0.34181442963631176,0.7839793281653746,0.26362725957261085
first1,baseline,S21,0.5847063963217846,0.7730355005983247,0.3412308018285449
first1,baseline,S22,0.2786023081877054,0.6126293995859213,0.15029014250759434
first1,baseline,S23,0.26824208421896595,0.6957026713124274,0.19446982374295027
first1,baseline,S24,0.2831583074484302,0.705026455026455,0.23402421902611967
first1,baseline,S25,0.27746057691773873,0.8045112781954886,0.2130288957369502
first1,baseline,S26,0.33503223021320616,0.6571598336304219,0.11764705882352941
first1,baseline,S27,0.6470931029754559,0.8333333333333333,0.2916212860110509
first1,baseline,S28,0.5189408281935456,0.8589601769911505,0.43732034902858363
first1,baseline,S29,0.35879371970288154,0.7295081967213115,0.24978036565386966
first1,baseline,S30,0.25822534964905,0.6175675675675676,0.17940849251751487
first1,baseline,S31,0.5305054390914768,0.7179310344827586,0.1838290060036116
first1,baseline,S32,0.32511420906148963,0.7044928207503474,0.19147078915356675
first1,baseline,S33,0.4081169286778804,0.6643550624133149,0.13474690508172818
first1,baseline,S34,0.3169635698184367,0.6833855799373041,0.195962378834549
first1,baseline,S35,0.28601356130504924,0.6762389995368226,0.13834590519572487
first1,baseline,S36,0.30503403283153085,0.7234285714285714,0.1362977625010563
first1,baseline,S37,0.4666182439391656,0.7619225037257824,0.270232002768764
first1,baseline,S38,0.32387176214198843,0.6042884990253411,0.038235955645093626
first1,baseline,S39,0.3128138408010715,0.736094674556213,0.17081370876822008
first1,baseline,S40,0.4929579274646145,0.877325289089995,0.40134324009569916
first1,baseline,S41,0.1926782648204409,0.5509999999999999,0.10612657880812608
first1,baseline,S42,0.4440809456987142,0.741976893453145,0.25628588576107475
first1,baseline,S43,0.23097961915119317,0.6267361111111112,0.11702448125059385
first1,baseline,S44,0.2749490791503793,0.6463414634146342,0.16216134185672607
first1,ensemble_average,S01,0.38088736082459496,0.7706552706552707,0.23826109606385762
first1,ensemble_average,S02,0.22476613791804614,0.6958333333333333,0.1985470253856199
first1,ensemble_average,S03,0.3671889410330223,0.7729166666666667,0.21464011174747183
first1,ensemble_average,S05,0.3661013024757728,0.8810483870967741,0.363415944378172
first1,ensemble_average,S06,0.41972142654568145,0.6852317642831477,0.3182173346783006
first1,ensemble_average,S07,0.4192426666110876,0.7995689655172414,0.26834092814179344
first1,ensemble_average,S08,0.18609037684242666,0.6775147928994083,0.09128709291752768
first1,ensemble_average,S09,0.4649411969631393,0.7086466165413534,0.3000930870959441
first1,ensemble_average,S10,0.2438499527869007,0.6168067226890757,0.16914289261859222
first1,ensemble_average,S12,0.37717621544962615,0.7663716814159293,0.2938053097345133
first1,ensemble_average,S13,0.49344021097808966,0.6857366771159875,0.14406928656165915
first1,ensemble_average,S14,0.2083138082522181,0.6488888888888888,0.02961744388795462
first1,ensemble_average,S15,0.4511377122808551,0.7854064039408867,0.3527108154951822
first1,ensemble_average,S16,0.235132384133228,0.7195340501792115,0.23379457656446917
first1,ensemble_average,S17,0.37875642641911944,0.6322278911564626,0.2707079047106971
first1,ensemble_average,S18,0.4058493435713618,0.7803392779469334,0.36958133234608087
first1,ensemble_average,S19,0.21901041605642957,0.7810077519379846,0.13238081551107772
first1,ensemble_average,S20,0.3442821243164692,0.7850129198966408,0.16388389180987337
first1,ensemble_average,S21,0.615089638376374,0.7846031112883924,0.35915135713765256
first1,ensemble_average,S22,0.28535426694250243,0.6349896480331264,0.21434547391256986
first1,ensemble_average,S23,0.26993099212915667,0.6980255516840882,0.17276631783975688
first1,ensemble_average,S24,0.27775634319523607,0.6944444444444444,0.15152288168283162
first1,ensemble_average,S25,0.2983353317057433,0.8367346938775511,0.20712283925606487
first1,ensemble_average,S26,0.3579568291272973,0.6743909685086155,0.10901218567070939
first1,ensemble_average,S27,0.6584402852049911,0.8393162393162393,0.3192095452056593
first1,ensemble_average,S28,0.5381168411318307,0.8705752212389382,0.4990307734705245
first1,ensemble_average,S29,0.3791106851240976,0.7388758782201406,0.3283080770958772
first1,ensemble_average,S30,0.2692375448763977,0.6265765765765766,0.22324449698069793
first1,ensemble_average,S31,0.5444763911557617,0.7372413793103448,0.26968155944373645
first1,ensemble_average,S32,0.34055009172686335,0.7239462714219546,0.25359495285595274
first1,ensemble_average,S33,0.43372052463968175,0.6768377253814146,0.23226444496171672
first1,ensemble_average,S34,0.32315121647711653,0.689655172413793,0.11353319850966213
first1,ensemble_average,S35,0.2898415482141885,0.6567855488652153,0.14001017827007056
first1,ensemble_average,S36,0.2836156423968123,0.7222857142857143,0.10399817964993147
first1,ensemble_average,S37,0.4503520877742675,0.7578241430700448,0.21020519517508007
first1,ensemble_average,S38,0.3082475422764459,0.5938921377517868,0.20143191572168473
first1,ensemble_average,S39,0.3789614916210661,0.7579881656804733,0.34641016151377546
first1,ensemble_average,S40,0.518460314009008,0.8753142282554047,0.5352238946035629
first1,ensemble_average,S41,0.19027685737256306,0.5563333333333333,0.048118883998334576
first1,ensemble_average,S42,0.46025107300383744,0.7539580658964483,0.2764021786549332
first1,ensemble_average,S43,0.2140422288253056,0.6099537037037036,0.046261342500225074
first1,ensemble_average,S44,0.2990928633615386,0.6407520325203253,0.14696302984875026
first1,ensemble_stacked,S01,0.3763562735372202,0.7692307692307693,0.0
first1,ensemble_stacked,S02,0.22377811649557275,0.694047619047619,-0.03260253318483131
first1,ensemble_stacked,S03,0.36593708119189183,0.7692708333333333,0.0
first1,ensemble_stacked,S05,0.3661013024757728,0.8810483870967741,0.0
first1,ensemble_stacked,S06,0.41980576819817805,0.685591088753144,0.0
first1,ensemble_stacked,S07,0.4173290235159377,0.7995689655172414,0.0
first1,ensemble_stacked,S08,0.18642762003681268,0.678698224852071,0.0
first1,ensemble_stacked,S09,0.465620551211305,0.7077067669172933,0.3023098888059222
first1,ensemble_stacked,S10,0.24446212571183884,0.615686274509804,0.0
first1,ensemble_stacked,S12,0.37443028123020483,0.7628318584070797,0.0
first1,ensemble_stacked,S13,0.4951400512443765,0.6841692789968652,0.39130811803572224
first1,ensemble_stacked,S14,0.2083447481274871,0.6479999999999999,0.0
first1,ensemble_stacked,S15,0.4511377122808551,0.7854064039408867,0.19434905750759765
first1,ensemble_stacked,S16,0.2356795952377579,0.7208781362007168,0.0
first1,ensemble_stacked,S17,0.37848949758076206,0.6318027210884354,0.20100756305184242
first1,ensemble_stacked,S18,0.40919371367781776,0.7812092214006089,0.21404667433975852
first1,ensemble_stacked,S19,0.21922691601456004,0.7816537467700259,0.1783520007513026
first1,ensemble_stacked,S20,0.3442821243164692,0.7850129198966408,0.3191835277678913
first1,ensemble_stacked,S21,0.6122026599351907,0.7846031112883926,0.1902013885450035
first1,ensemble_stacked,S22,0.28510923036994307,0.6337474120082816,0.0
first1,ensemble_stacked,S23,0.2693370399718063,0.6964769647696476,-0.060270967450212175
first1,ensemble_stacked,S24,0.2773522466078768,0.6926807760141094,0.2212488394343549
first1,ensemble_stacked,S25,0.30132606856744787,0.8367346938775511,0.0
first1,ensemble_stacked,S26,0.3569439909918566,0.6743909685086156,-0.04913653015078496
first1,ensemble_stacked,S27,0.6610888420810521,0.841025641025641,0.304724700110022
first1,ensemble_stacked,S28,0.5394331019172875,0.8716814159292035,0.0
first1,ensemble_stacked,S29,0.37831611619591254,0.7400468384074941,0.0
first1,ensemble_stacked,S30,0.26944072305548517,0.6274774774774775,0.0
first1,ensemble_stacked,S31,0.5444763911557617,0.7372413793103448,0.0
first1,ensemble_stacked,S32,0.34050776514033276,0.7239462714219546,0.22856481743979656
first1,ensemble_stacked,S33,0.4388501262615213,0.6768377253814146,0.0
first1,ensemble_stacked,S34,0.32220568025205687,0.6888714733542319,0.0
first1,ensemble_stacked,S35,0.29288661711769254,0.6558591940713293,0.0
first1,ensemble_stacked,S36,0.28397126117348376,0.7228571428571429,0.0
first1,ensemble_stacked,S37,0.4514435993232671,0.757451564828614,0.1969248648997024
first1,ensemble_stacked,S38,0.30856616211525106,0.5925925925925926,-0.04113063728303114
first1,ensemble_stacked,S39,0.380314976845519,0.7591715976331361,0.0
first1,ensemble_stacked,S40,0.5193723067130664,0.8763197586726998,0.0
first1,ensemble_stacked,S41,0.1899891317029695,0.5563333333333333,-0.026568446566202858
first1,ensemble_stacked,S42,0.455030173877989,0.7535301668806161,0.1285656552011151
first1,ensemble_stacked,S43,0.21471974611161318,0.6087962962962963,0.0
first1,ensemble_stacked,S44,0.2956623267943904,0.6412601626016261,0.0
first2,gru,S01,0.5285265105291006,0.8463203463203464,0.2989364780926652
first2,gru,S02,0.5533788079363821,0.8358333333333333,0.4353283245516384
first2,gru,S03,0.3565583513465136,0.7529824561403509,0.3075843357028996
first2,gru,S05,0.6810057997557998,0.95125,0.46683084140056413
first2,gru,S06,0.5379479719042985,0.7513935340022296,0.4121142533863089
first2,gru,S07,0.7039521928194697,0.8866666666666667,0.5341747442014245
first2,gru,S08,0.33847965238243904,0.7735732009925559,0.3401946846887647
first2,gru,S09,0.47598885337949554,0.7959183673469388,0.4
first2,gru,S10,0.22432156527104793,0.6208133971291866,0.13374587757061993
first2,gru,S12,0.7346753542526614,0.8813186813186813,0.5592017102142596
first2,gru,S13,0.4859403115403541,0.6085858585858586,-0.043863446330651264
first2,gru,S14,0.2178376022126022,0.7207602339181286,0.22026756769486808
first2,gru,S15,0.47723717815069977,0.7592912705272256,0.28044832419507937
first2,gru,S16,0.4548001781314027,0.7296015180265655,0.3430052529676761
first2,gru,S17,0.582589993080389,0.7472222222222222,0.33336640047624816
first2,gru,S18,0.6249428890355608,0.8688909774436091,0.3963177501837325
first2,gru,S19,0.21734964009029606,0.7729658792650919,0.22057802336388016
first2,gru,S20,0.32839715839715844,0.7701149425287357,0.23875114908478096
first2,gru,S21,0.6335432971026401,0.7424242424242424,0.3126031951658178
first2,gru,S22,0.5542986628892347,0.8211567732115678,0.43140159969213054
first2,gru,S23,0.4186885719771602,0.7326307572209211,0.16939733736709894
first2,gru,S24,0.26588928022203795,0.6901939655172413,0.20858729687192268
first2,gru,S25,0.8169642857142857,0.962962962962963,0.39036002917941326
first2,gru,S26,0.4458557112467656,0.691468253968254,0.2909148654960165
first2,gru,S27,0.6177453673777203,0.8421052631578947,0.22899416503443012
first2,gru,S28,0.4958437376306646,0.8719512195121951,0.46133320952038454
first2,gru,S29,0.27504949848616445,0.6740289413556739,0.2648329752405048
first2,gru,S30,0.6212849665902938,0.8498759305210918,0.4234151591787102
first2,gru,S31,0.5207008801389387,0.7451499118165785,0.2049611975440439
first2,gru,S32,0.3502395768491037,0.7261904761904762,0.20324491444735496
first2,gru,S33,0.4412652542838804,0.7327586206896551,0.21512568018035708
first2,gru,S34,0.28345274474047527,0.6072874493927125,0.05647137487573052
first2,gru,S35,0.4078562976727443,0.6905120481927711,0.17803290900923507
first2,gru,S36,0.4470538799114131,0.8123100303951367,0.4567722662003228
first2,gru,S37,0.5291635226991814,0.7822510822510823,0.25626373947038383
first2,gru,S38,0.42201597944084757,0.6796116504854368,0.30188819037185616
first2,gru,S39,0.5701341853973433,0.7914735866543096,0.25939260341461057
first2,gru,S40,0.59767343877122,0.9,0.4652662282385535
first2,gru,S41,0.30176719325932827,0.6163742690058478,0.2277501801747591
first2,gru,S42,0.5086147570024334,0.7484862598975314,0.2563013653570843
first2,gru,S43,0.42995666222704404,0.8105820105820106,0.27320038062158936
first2,gru,S44,0.2736833228823309,0.6248037676609105,0.077949946850202
first2,baseline,S01,0.46000001139297325,0.8701298701298702,0.395285510895447
first2,baseline,S02,0.5987526040546572,0.8341666666666667,0.32209195105163574
first2,baseline,S03,0.3472720938337466,0.7543859649122807,0.317940322158844
first2,baseline,S05,0.6123424369747898,0.85125,0.27289691693518137
first2,baseline,S06,0.4479716876692083,0.7082868821999257,0.2151507669919266
first2,baseline,S07,0.6875296204340323,0.8888888888888888,0.3569117567703406
first2,baseline,S08,0.34240606832460313,0.7779156327543424,0.43044317882210836
first2,baseline,S09,0.4642471452367751,0.7714285714285714,0.33768905564895757
first2,baseline,S10,0.29840285128050165,0.6614832535885167,0.19259103773278763
first2,baseline,S12,0.6265296786803011,0.8774725274725275,0.4763721265254748
first2,baseline,S13,0.5207662960540796,0.6470959595959596,0.053300179088902604
first2,baseline,S14,0.19745459639043011,0.7017543859649124,0.2289031362311182
first2,baseline,S15,0.47440025582024387,0.7873811581676751,0.39017588119982743
first2,baseline,S16,0.38858287764636124,0.7485768500948766,0.339080707739213
first2,baseline,S17,0.5656927732737652,0.7409722222222223,0.3386481059780782
first2,baseline,S18,0.6347446662599955,0.824718045112782,0.3411468750832234
first2,baseline,S19,0.2259130947455079,0.7270341207349081,0.25784334894369576
first2,baseline,S20,0.4622615039281706,0.8314176245210728,0.3337751272095729
first2,baseline,S21,0.6191634737204761,0.7486631016042781,0.29980457813374173
first2,baseline,S22,0.4652003453691189,0.7496194824961949,0.21903503732725085
first2,baseline,S23,0.33160014012090017,0.7263856362217017,0.1828238280971062
first2,baseline,S24,0.292247698300659,0.7079741379310345,0.16207796716399397
first2,baseline,S25,0.7195071010860484,0.8862433862433863,0.39036002917941326
first2,baseline,S26,0.4948768383805246,0.7202380952380951,0.17857142857142858
first2,baseline,S27,0.6561809352927774,0.8552631578947368,0.34941520467836257
first2,baseline,S28,0.5035510701307454,0.8666158536585366,0.5474789783245719
first2,baseline,S29,0.3030628386779015,0.7151561309977151,0.18691532812435405
first2,baseline,S30,0.5112514252209024,0.7866004962779156,0.3874584745219908
first2,baseline,S31,0.4536868220353213,0.6940035273368607,0.1900763853245966
first2,baseline,S32,0.3099211081585267,0.7208333333333333,0.27962365219318885
first2,baseline,S33,0.4803255767438618,0.6933497536945813,0.23137236789084115
first2,baseline,S34,0.3057527656472836,0.6487854251012146,0.14385192195608815
first2,baseline,S35,0.3916356871042349,0.7033132530120482,0.17834708255320722
first2,baseline,S36,0.3334400969723668,0.7545592705167172,0.2120066237423687
first2,baseline,S37,0.48989222813249356,0.7675324675324676,0.16905132805418077
first2,baseline,S38,0.41982388464307185,0.6911874533233756,0.3053648072269547
first2,baseline,S39,0.4309807072664589,0.7367933271547731,0.19650954804137166
first2,baseline,S40,0.7127542721292722,0.8990196078431373,0.40231466414914824
first2,baseline,S41,0.23442559965049542,0.5906432748538012,0.09048278567177281
first2,baseline,S42,0.4693664649489795,0.7098276665114113,0.17202299781593414
first2,baseline,S43,0.41357078710339584,0.7566137566137566,0.238553351165197
first2,baseline,S44,0.31443605653951967,0.6326530612244898,0.13087580341562266
first2,ensemble_average,S01,0.50094478382568,0.8798701298701299,0.35547467594020565
first2,ensemble_average,S02,0.6031366124107911,0.8458333333333333,0.42374387218465076
first2,ensemble_average,S03,0.35124277681017413,0.7621052631578947,0.32412646691347413
first2,ensemble_average,S05,0.6992263251454428,0.92875,0.3584620841727527
first2,ensemble_average,S06,0.5098389107075101,0.735042735042735,0.39727067165529084
first2,ensemble_average,S07,0.7053905597326651,0.8944444444444445,0.5092902054008022
first2,ensemble_average,S08,0.3537355054860805,0.7841191066997519,0.3401946846887647
first2,ensemble_average,S09,0.5007064001718009,0.7928571428571428,0.3915554237491469
first2,ensemble_average,S10,0.32013947134267995,0.6555023923444976,0.19259103773278763
first2,ensemble_average,S12,0.6838549501752252,0.8879120879120879,0.5441220175105375
first2,ensemble_average,S13,0.5428124619039695,0.6376262626262625,-0.003695702474931766
first2,ensemble_average,S14,0.21745746943115365,0.7192982456140351,0.2653659799481466
first2,ensemble_average,S15,0.4675049735612418,0.7783059636992221,0.30557441875621283
first2,ensemble_average,S16,0.4440469620739117,0.7514231499051233,0.3589663999662173
first2,ensemble_average,S17,0.5779353432385596,0.75625,0.3230581987334459
first2,ensemble_average,S18,0.6238010026034082,0.8463345864661654,0.3246498747193966
first2,ensemble_average,S19,0.21323623528959035,0.7473753280839894,0.1897019191107144
first2,ensemble_average,S20,0.42590882598788987,0.8275862068965518,0.29429213183717134
first2,ensemble_average,S21,0.6470593402366318,0.7504456327985739,0.29980457813374173
first2,ensemble_average,S22,0.5069497289318794,0.799847792998478,0.3417729423920288
first2,ensemble_average,S23,0.40298611226186176,0.7345823575331771,0.1817688651031029
first2,ensemble_average,S24,0.3073421165047656,0.7058189655172414,0.15059492610900566
first2,ensemble_average,S25,0.7666666666666666,0.9219576719576719,0.4285640353936061
first2,ensemble_average,S26,0.4786689297818175,0.7242063492063492,0.24702380952380953
first2,ensemble_average,S27,0.6334676248548199,0.8464912280701754,0.2676516895156554
first2,ensemble_average,S28,0.5208764013480162,0.8849085365853657,0.49017546176031535
first2,ensemble_average,S29,0.3073550699024159,0.7197258187357197,0.21003761485164224
first2,ensemble_average,S30,0.5730941994621885,0.8300248138957816,0.49893541398025065
first2,ensemble_average,S31,0.48946208802575475,0.736331569664903,0.2309841088399489
first2,ensemble_average,S32,0.32193368913483955,0.7279761904761904,0.24714553986344995
first2,ensemble_average,S33,0.4448839162405503,0.7105911330049262,0.2835701003126249
first2,ensemble_average,S34,0.30107321251933594,0.6325910931174088,0.11123086292803318
first2,ensemble_average,S35,0.4072390297622898,0.7063253012048192,0.2147603034822945
first2,ensemble_average,S36,0.3714779878919322,0.7978723404255319,0.3379076009936563
first2,ensemble_average,S37,0.4887364950183811,0.7727272727272727,0.2336474132011551
first2,ensemble_average,S38,0.419705585406135,0.6893203883495146,0.3213076162389918
first2,ensemble_average,S39,0.5166495438443344,0.7784986098239111,0.32227565878784953
first2,ensemble_average,S40,0.6841985200184125,0.9147058823529413,0.4228811078453955
first2,ensemble_average,S41,0.2864452606909515,0.6058479532163743,0.19389168358237033
first2,ensemble_average,S42,0.4852393739844756,0.7331159757801584,0.22252550260139742
first2,ensemble_average,S43,0.40141341465846275,0.7894179894179894,0.23495798457511366
first2,ensemble_average,S44,0.29243326065130615,0.631083202511774,0.12760396343517044
first2,ensemble_stacked,S01,0.5400683106223462,0.8625541125541126,0.285022650021266
first2,ensemble_stacked,S02,0.5841998391676071,0.8475,0.3404404871262014
first2,ensemble_stacked,S03,0.3485188649502813,0.7571929824561404,0.09610664314067319
first2,ensemble_stacked,S05,0.6728351449275363,0.93875,0.0
first2,ensemble_stacked,S06,0.5253087474342174,0.7461910070605723,0.27152165210427814
first2,ensemble_stacked,S07,0.6905573593073594,0.8922222222222221,0.472455591261534
first2,ensemble_stacked,S08,0.34206098017459635,0.7803970223325062,0.0
first2,ensemble_stacked,S09,0.47530850092757626,0.789795918367347,0.13968605915391563
first2,ensemble_stacked,S10,0.23675616599458219,0.6363636363636365,0.0
first2,ensemble_stacked,S12,0.7254805207832603,0.8901098901098902,0.0
first2,ensemble_stacked,S13,0.5557218926603693,0.6300505050505051,0.3207927081521863
first2,ensemble_stacked,S14,0.2204422572308751,0.7222222222222222,0.14139445854199945
first2,ensemble_stacked,S15,0.45667870592863974,0.7752808988764044,0.28915106644506217
first2,ensemble_stacked,S16,0.44927792334852,0.7428842504743833,0.3149607331110813
first2,ensemble_stacked,S17,0.5832752389129933,0.7548611111111111,0.2752982771724905
first2,ensemble_stacked,S18,0.6400764983386569,0.8665413533834586,0.37169597083751404
first2,ensemble_stacked,S19,0.21666194155831484,0.7585301837270342,0.07818027728685682
first2,ensemble_stacked,S20,0.42082551061045687,0.8237547892720307,0.4319003872168366
first2,ensemble_stacked,S21,0.6539611914589674,0.7459893048128342,0.21759082603667557
first2,ensemble_stacked,S22,0.5181254536716722,0.8066971080669711,0.21227747971714223
first2,ensemble_stacked,S23,0.41900483478040185,0.734192037470726,0.2509415006373568
first2,ensemble_stacked,S24,0.3072572109967042,0.7025862068965518,0.25486446230486953
first2,ensemble_stacked,S25,0.7805358550039401,0.9404761904761906,0.0
first2,ensemble_stacked,S26,0.4501177417933251,0.7053571428571428,-0.0802111184899685
first2,ensemble_stacked,S27,0.6347697081881533,0.8442982456140351,0.36397115918172873
first2,ensemble_stacked,S28,0.5290980959540798,0.884908536585366,0.0
first2,ensemble_stacked,S29,0.3014243196971955,0.7067783701447068,0.16226554020501807
first2,ensemble_stacked,S30,0.593252812002812,0.8399503722084368,0.2538682029106135
first2,ensemble_stacked,S31,0.5128172240874339,0.7407407407407408,0.2976702788937936
first2,ensemble_stacked,S32,0.34394293142529014,0.7279761904761906,0.1356043650600025
first2,ensemble_stacked,S33,0.4456770840823997,0.7266009852216749,0.0
first2,ensemble_stacked,S34,0.29625857197778177,0.6234817813765182,0.21181658108067816
first2,ensemble_stacked,S35,0.41017118725211194,0.6987951807228915,0.24254703928322902
first2,ensemble_stacked,S36,0.41539333682190827,0.8077507598784195,0.2505001672222419
first2,ensemble_stacked,S37,0.5146753174386501,0.7757575757575759,0.345302277956915
first2,ensemble_stacked,S38,0.41230900223579053,0.6848394324122479,-0.04440819044546599
first2,ensemble_stacked,S39,0.5420848055881244,0.7896200185356812,0.45382302165887645
first2,ensemble_stacked,S40,0.6345327055838735,0.9098039215686274,0.2716334335501104
first2,ensemble_stacked,S41,0.28971635254435857,0.6128654970760233,0.0
first2,ensemble_stacked,S42,0.4946477066471979,0.7508150908244062,0.5289875393225892
first2,ensemble_stacked,S43,0.4082709146344898,0.7999999999999999,0.0
first2,ensemble_stacked,S44,0.2914503620667255,0.6287284144427002,0.11206636293610515
first3,gru,S01,0.48698598347721156,0.7901234567901234,0.26002548374617185
first3,gru,S02,0.5911910553214901,0.876923076923077,0.43570778033134755
first3,gru,S03,0.6843264252087782,0.8939708939708939,0.38804529449427755
first3,gru,S05,0.8269345238095238,0.9753787878787878,0.44624455081737313
first3,gru,S06,0.5234861673685937,0.7516069788797061,0.34891596883542686
first3,gru,S07,0.668349358974359,0.8666666666666667,0.47665519651719207
first3,gru,S08,0.6578371055273229,0.8693054518297237,0.4515646032110388
first3,gru,S09,0.5557226859701753,0.8048780487804879,0.3259341380258032
first3,gru,S10,0.5217296757026892,0.6602564102564102,0.1303589814791738
first3,gru,S12,0.7267883980055032,0.8802966101694917,0.5543160621740402
first3,gru,S13,0.46314220642399284,0.5265957446808511,-0.2578553115646984
first3,gru,S14,0.41616847826086956,0.7689393939393939,0.33549085316013094
first3,gru,S15,0.4928508587981338,0.7701388888888889,0.23249527748763857
first3,gru,S16,0.5073639810481916,0.7606060606060606,0.38951782748808106
first3,gru,S17,0.6350677469055255,0.789795918367347,0.45643546458763845
first3,gru,S18,0.5606141518404192,0.7992592592592592,0.30562161065930804
first3,gru,S19,0.22406338507786594,0.7616959064327485,0.24339500009447898
first3,gru,S20,0.22692307692307695,0.7407407407407407,0.1111111111111111
first3,gru,S21,0.701898676036607,0.8076923076923077,0.4287227838967562
first3,gru,S22,0.6792331206804891,0.8189300411522634,0.43405736614121554
first3,gru,S23,0.45770224749634497,0.787593984962406,0.172885031810664
first3,gru,S24,0.2642307674920815,0.691358024691358,0.18304172612897177
first3,gru,S25,0.49696969696969695,0.8899999999999999,0.18439580145492168
first3,gru,S26,0.5834704184704185,0.7336956521739131,0.3140721323960884
first3,gru,S27,0.67,0.8500000000000001,0.19173300895764595
first3,gru,S28,0.5547453455066237,0.8709273182957393,0.5417261896076115
first3,gru,S29,0.30091834596610845,0.7226190476190476,0.2705232060968308
first3,gru,S30,0.5393939393939393,0.8,0.32128233933443373
first3,gru,S31,0.7245722531436818,0.8231292517006803,0.36514837167011077
first3,gru,S32,0.34859447464068904,0.6964285714285714,0.17441888373856856
first3,gru,S33,0.6081841432225064,0.7337662337662337,0.1843834394604156
first3,gru,S34,0.2288581457189643,0.5632478632478632,-0.003988982827374716
first3,gru,S35,0.4994045036636222,0.717391304347826,0.06662136141735209
first3,gru,S36,0.45530281141063206,0.7941176470588236,0.41444210693117817
first3,gru,S37,0.593050052205754,0.7945906432748538,0.26007334984695896
first3,gru,S38,0.42775748158420784,0.6633906633906634,0.22540774345317155
first3,gru,S39,0.5459183673469388,0.7366071428571428,0.29898496083034193
first3,gru,S40,0.6227781649608275,0.8695652173913044,0.5027100469498772
first3,gru,S41,0.4974943003398288,0.7298474945533768,0.0993217775284653
first3,gru,S42,0.4727568961068864,0.7379261363636362,0.2055377668192811
first3,gru,S43,0.6206349206349207,0.8711111111111112,0.5333964609104418
first3,gru,S44,0.5236627280740935,0.7032163742690059,0.14982428881895576
first3,baseline,S01,0.4047976714643382,0.8168724279835391,0.36497322654611486
first3,baseline,S02,0.6372254065692979,0.8991452991452992,0.4547940268270977
first3,baseline,S03,0.6607348791559318,0.8711018711018711,0.5768551228530719
first3,baseline,S05,0.7331845238095238,0.9128787878787878,0.45656593063706225
first3,baseline,S06,0.5169862086496267,0.7359963269054179,0.3167656714108917
first3,baseline,S07,0.6584061771561771,0.8444444444444444,0.357599712357849
first3,baseline,S08,0.688202573088682,0.864824495892457,0.5971998901340847
first3,baseline,S09,0.5637273651145602,0.7926829268292683,0.47087206435378354
first3,baseline,S10,0.6289659992784993,0.8397435897435898,0.4705274638274175
first3,baseline,S12,0.7087418622902902,0.9036016949152541,0.5781207357737443
first3,baseline,S13,0.5894309475015804,0.598404255319149,-0.016308201826336056
first3,baseline,S14,0.4938670488473712,0.7575757575757576,0.3115552620416027
first3,baseline,S15,0.5616941133987359,0.7895833333333333,0.36047354475826415
first3,baseline,S16,0.4243656197603566,0.7393939393939394,0.43079918382479443
first3,baseline,S17,0.6253727225155796,0.7530612244897958,0.2384158242717079
first3,baseline,S18,0.5661132358494865,0.7970370370370371,0.33584001124171015
first3,baseline,S19,0.23100160297549605,0.7353801169590642,0.24105398479290757
first3,baseline,S20,0.23412698412698413,0.7654320987654322,0.3118047822311618
first3,baseline,S21,0.6740053469834926,0.7717948717948718,0.3092858678456751
first3,baseline,S22,0.659232026143791,0.8230452674897119,0.4074074074074074
first3,baseline,S23,0.41650714112934273,0.7974624060150376,0.35239420934272664
first3,baseline,S24,0.32354025511230255,0.7740740740740741,0.16211906245753774
first3,baseline,S25,0.2698412698412698,0.92,0.3139751087370715
first3,baseline,S26,0.5270104895104895,0.7663043478260869,0.2238381550780319
first3,baseline,S27,0.6588235294117647,0.8642857142857143,0.383325938999964
first3,baseline,S28,0.5577371576649983,0.8897243107769424,0.6326609747975916
first3,baseline,S29,0.5370136669408214,0.8333333333333334,0.23146476611125494
first3,baseline,S30,0.43272727272727274,0.8142857142857143,0.23904572186687875
first3,baseline,S31,0.746031746031746,0.7959183673469388,0.24743582965269673
first3,baseline,S32,0.31621909336715986,0.7017857142857142,0.23460767245836806
first3,baseline,S33,0.5497165532879817,0.7402597402597402,0.3017183554806801
first3,baseline,S34,0.30729230989172174,0.6239316239316239,0.15060484330225715
first3,baseline,S35,0.48761274628081597,0.7264492753623188,0.2731516085294685
first3,baseline,S36,0.42638143525824684,0.7647058823529411,0.3878138939856158
first3,baseline,S37,0.5111636407844776,0.8238304093567251,0.3129225942129037
first3,baseline,S38,0.4417093945543624,0.6953316953316954,0.2976625088356769
first3,baseline,S39,0.3446600085255547,0.6294642857142857,0.236227795630767
first3,baseline,S40,0.608238851095994,0.8091787439613526,0.3659489276036614
first3,baseline,S41,0.417789967225436,0.7037037037037037,0.24715576637149037
first3,baseline,S42,0.3463869193285532,0.5887784090909092,0.09143006417649888
first3,baseline,S43,0.5217560761678409,0.8177777777777777,0.39555555555555555
first3,baseline,S44,0.549897529922985,0.6973684210526316,0.16222142113076254
first3,ensemble_average,S01,0.4996669996669997,0.8168724279835391,0.2718636239135184
first3,ensemble_average,S02,0.6365910122701295,0.888888888888889,0.46781964351149136
first3,ensemble_average,S03,0.6895295554119083,0.8981288981288982,0.5254158125349636
first3,ensemble_average,S05,0.7559523809523809,0.9526515151515151,0.502518907629606
first3,ensemble_average,S06,0.533510008265978,0.7566574839302113,0.3614486980061245
first3,ensemble_average,S07,0.6598958333333333,0.8583333333333333,0.47665519651719207
first3,ensemble_average,S08,0.6632246719972918,0.8707991038088125,0.5971998901340847
first3,ensemble_average,S09,0.5438165925171132,0.8048780487804879,0.41113105653136844
first3,ensemble_average,S10,0.5554003288378289,0.75,0.3356897634137628
first3,ensemble_average,S12,0.7520798315383753,0.9194915254237288,0.5781207357737443
first3,ensemble_average,S13,0.5747557793124457,0.5731382978723404,-0.14572731804437994
first3,ensemble_average,S14,0.4774408455994134,0.7689393939393939,0.26772399288004867
first3,ensemble_average,S15,0.5565745872725893,0.7993055555555556,0.27895118781282546
first3,ensemble_average,S16,0.5123820225494867,0.7909090909090909,0.4523391430160342
first3,ensemble_average,S17,0.6363324085693429,0.7877551020408164,0.33734954246999327
first3,ensemble_average,S18,0.5728808401425034,0.8155555555555556,0.37036588560512634
first3,ensemble_average,S19,0.22747195666794304,0.7456140350877193,0.22591299788996203
first3,ensemble_average,S20,0.25,0.7777777777777779,0.21821789023599236
first3,ensemble_average,S21,0.6967963081921891,0.8025641025641026,0.4108071832454005
first3,ensemble_average,S22,0.6691180813987831,0.8353909465020576,0.4176201680321031
first3,ensemble_average,S23,0.463450127893715,0.8007518796992481,0.2625353624313558
first3,ensemble_average,S24,0.32574726739486465,0.7358024691358025,0.23648087156127254
first3,ensemble_average,S25,0.3384615384615385,0.91,0.3139751087370715
first3,ensemble_average,S26,0.6228693181818181,0.7989130434782609,0.4394061938612852
first3,ensemble_average,S27,0.6825,0.8785714285714286,0.32128233933443373
first3,ensemble_average,S28,0.5427556189979958,0.8822055137844612,0.5597406351699471
first3,ensemble_average,S29,0.41572926951216427,0.7976190476190477,0.35592134159622474
first3,ensemble_average,S30,0.45167919799498746,0.8142857142857143,0.3105295017040594
first3,ensemble_average,S31,0.7431077694235588,0.8027210884353742,0.16666666666666666
first3,ensemble_average,S32,0.3350286478690128,0.6946428571428572,0.15355526144050038
first3,ensemble_average,S33,0.5428677602590646,0.7337662337662337,0.3836887653367506
first3,ensemble_average,S34,0.24205396202193138,0.5948717948717949,0.07782618172994027
first3,ensemble_average,S35,0.5039889216796783,0.7391304347826086,0.1361163766201177
first3,ensemble_average,S36,0.4572418374831506,0.7941176470588235,0.47177360299281096
first3,ensemble_average,S37,0.5693658469030227,0.820906432748538,0.28078715647193797
first3,ensemble_average,S38,0.44174753052836613,0.6842751842751842,0.25756371316446414
first3,ensemble_average,S39,0.4466653327997866,0.7232142857142857,0.23712600341716772
first3,ensemble_average,S40,0.6614434947768282,0.8526570048309179,0.4246856415350183
first3,ensemble_average,S41,0.48690551316311964,0.7211328976034859,0.24715576637149037
first3,ensemble_average,S42,0.4184100937368029,0.6924715909090909,0.18316487367750045
first3,ensemble_average,S43,0.5773809523809524,0.8533333333333333,0.5333964609104418
first3,ensemble_average,S44,0.5377189936865447,0.7134502923976608,0.2633567438621908
first3,ensemble_stacked,S01,0.49521175991764227,0.8127572016460906,0.3110855084191276
first3,ensemble_stacked,S02,0.6326462390945871,0.8871794871794871,0.1800425541482074
first3,ensemble_stacked,S03,0.6911019536019536,0.8981288981288982,0.11168711865749101
first3,ensemble_stacked,S05,0.7726449275362319,0.9564393939393939,0.47871355387816905
first3,ensemble_stacked,S06,0.5259470241943186,0.7557392102846648,0.19364916731037085
first3,ensemble_stacked,S07,0.6598958333333333,0.8583333333333333,0.3288967572401359
first3,ensemble_stacked,S08,0.6601726172378346,0.8678117998506348,0.0
first3,ensemble_stacked,S09,0.542909334452597,0.802439024390244,0.40701235303946914
first3,ensemble_stacked,S10,0.5500222816399287,0.733974358974359,0.0
first3,ensemble_stacked,S12,0.7507012264555368,0.9173728813559322,0.31784807260745496
first3,ensemble_stacked,S13,0.5424963528337372,0.5651595744680851,0.30212645553936207
first3,ensemble_stacked,S14,0.4774408455994134,0.7689393939393939,0.2672910153478103
first3,ensemble_stacked,S15,0.543880002365877,0.7944444444444444,0.3721042037676254
first3,ensemble_stacked,S16,0.5058885160559802,0.7878787878787878,0.25263102516331293
first3,ensemble_stacked,S17,0.6349674270928813,0.7877551020408162,0.09784921095801632
first3,ensemble_stacked,S18,0.5776172320780164,0.8185185185185185,0.34132807439314455
first3,ensemble_stacked,S19,0.2284268840934587,0.7456140350877193,0.07254762501100116
first3,ensemble_stacked,S20,0.23333333333333334,0.7530864197530864,0.0502518907629606
first3,ensemble_stacked,S21,0.6966370471633629,0.8025641025641026,0.5510387687779839
first3,ensemble_stacked,S22,0.6691180813987831,0.8353909465020576,0.29277002188455997
first3,ensemble_stacked,S23,0.4625644341219697,0.7984022556390977,0.26036181472275205
first3,ensemble_stacked,S24,0.32729165561695944,0.7333333333333334,0.20433447413392491
first3,ensemble_stacked,S25,0.5384615384615384,0.9166666666666667,0.0
first3,ensemble_stacked,S26,0.6103693181818182,0.7934782608695652,0.0
first3,ensemble_stacked,S27,0.6825,0.8785714285714286,0.6010743070375286
first3,ensemble_stacked,S28,0.5401776222820681,0.8796992481203008,-0.05923488777590923
first3,ensemble_stacked,S29,0.4144759427368124,0.7928571428571428,-0.046004370622823615
first3,ensemble_stacked,S30,0.44904761904761903,0.8071428571428572,0.0
first3,ensemble_stacked,S31,0.7431077694235588,0.8027210884353742,0.48038446141526137
first3,ensemble_stacked,S32,0.3403147973830954,0.6955357142857144,0.22279229404683767
first3,ensemble_stacked,S33,0.5508042681955725,0.7402597402597402,0.33502969713024494
first3,ensemble_stacked,S34,0.2411178973775823,0.5837606837606838,0.2605250528594531
first3,ensemble_stacked,S35,0.5079219831122092,0.7409420289855072,0.3855432879774935
first3,ensemble_stacked,S36,0.4660755125099168,0.7990196078431372,0.2618174690443214
first3,ensemble_stacked,S37,0.5644561633825806,0.8150584795321638,0.24608105187570437
first3,ensemble_stacked,S38,0.44112004726843074,0.6781326781326782,-0.05594144469629286
first3,ensemble_stacked,S39,0.4707199546485261,0.7321428571428571,0.194178051875375
first3,ensemble_stacked,S40,0.6669784417591436,0.8599033816425121,0.3076527356636324
first3,ensemble_stacked,S41,0.4856404901141743,0.7167755991285403,0.0
first3,ensemble_stacked,S42,0.417541367868077,0.6910511363636364,0.4024717022032483
first3,ensemble_stacked,S43,0.5773809523809524,0.8533333333333333,-0.1044465935734187
first3,ensemble_stacked,S44,0.5352822836470683,0.7076023391812866,0.37655151676247356
full,gru,S01,0.5127479735855696,0.896011396011396,0.3962969619506085
full,gru,S02,0.712576582599353,0.9571428571428572,0.4187178946793119
full,gru,S03,0.5825574632869698,0.8828125000000001,0.3397888352290232
full,gru,S05,0.8042478354978355,0.9858870967741936,0.42284966988041073
full,gru,S06,0.5444034470418038,0.8986704994610133,0.4774145415940271
full,gru,S07,0.745560397205134,0.9432471264367817,0.411078062902193
full,gru,S08,0.8983183483183481,0.9828402366863905,0.6408699444616557
full,gru,S09,0.5952524399790535,0.9069548872180451,0.4713964985973822
full,gru,S10,0.4124698498719105,0.7081232492997198,0.13672449870644882
full,gru,S12,0.7446267949745556,0.9163716814159292,0.5343466795827883
full,gru,S13,0.5334377372460359,0.7331504702194357,0.033888769752227446
full,gru,S14,0.35414374093235884,0.9022222222222223,0.29799328851502677
full,gru,S15,0.676902864714172,0.9045566502463054,0.3152641443777315
full,gru,S16,0.4450931386776284,0.8763440860215054,0.40310542256881304
full,gru,S17,0.6540951837851596,0.9183673469387755,0.5237418787490222
full,gru,S18,0.689080681604435,0.9238799478033928,0.3532910688936729
full,gru,S19,0.3332664491524751,0.8753229974160206,0.36485543269662823
full,gru,S20,0.32944723263392717,0.8697674418604651,0.26806314946944
full,gru,S21,0.6704145368317455,0.9078579976067012,0.4807341116991363
full,gru,S22,0.6362800496436534,0.8857142857142857,0.5182313429175499
full,gru,S23,0.6212195435897504,0.9194734804490902,0.16594388252633788
full,gru,S24,0.2746938744932652,0.7579365079365079,0.2672612419124244
full,gru,S25,0.5877551020408163,0.9667024704618689,0.4050761500094785
full,gru,S26,0.4046366985300488,0.7067736185383244,0.2572133326088347
full,gru,S27,0.5892829947357854,0.9341880341880342,0.3879454500839038
full,gru,S28,0.6486146002690121,0.9397123893805309,0.5413548399211282
full,gru,S29,0.4427315998426644,0.9039812646370025,0.3497653857041269
full,gru,S30,0.5846194569890942,0.8252252252252252,0.43020681622895884
full,gru,S31,0.6733042475951743,0.9020689655172414,0.4267223383219919
full,gru,S32,0.3717830931955429,0.8286243631310792,0.26683554154609856
full,gru,S33,0.507433824344669,0.7762367082755433,0.2677067159316032
full,gru,S34,0.22205746039175425,0.5579937304075235,0.052690069308641244
full,gru,S35,0.4496990002370404,0.8642890226956925,0.23589712976788588
full,gru,S36,0.5938676681757444,0.9182857142857144,0.4474843673982237
full,gru,S37,0.7151892944875604,0.9232488822652756,0.38518960439542205
full,gru,S38,0.5787130734374353,0.8544509421702403,0.48724876425887
full,gru,S39,0.6899992424874917,0.9349112426035503,0.373943524600698
full,gru,S40,0.5939064403763555,0.9255907491201608,0.5360684850863312
full,gru,S41,0.42131393476216134,0.7986666666666666,0.33541282819343476
full,gru,S42,0.5653791785051601,0.905862216516902,0.2897445883459888
full,gru,S43,0.5449320958332273,0.9039351851851851,0.4517901482357816
full,gru,S44,0.3895483386006621,0.7616869918699186,0.18267833388979965
full,baseline,S01,0.6803014387573211,0.9529914529914529,0.6906878830205024
full,baseline,S02,0.7956410540755892,0.9755952380952382,0.5206207048969018
full,baseline,S03,0.6506334140500035,0.8989583333333333,0.49517568987663074
full,baseline,S05,0.9472222222222222,0.9959677419354839,0.6606304848939062
full,baseline,S06,0.6290906227034228,0.9209486166007905,0.5013976732756104
full,baseline,S07,0.7398314816666688,0.9418103448275862,0.3954590749135027
full,baseline,S08,0.9567890442890439,0.995266272189349,0.8609160647753272
full,baseline,S09,0.6444488376822395,0.9036654135338344,0.6158055335774555
full,baseline,S10,0.6144387262883065,0.8851540616246499,0.3463088376072169
full,baseline,S12,0.6095898405656093,0.9008849557522125,0.5720634905044558
full,baseline,S13,0.5792926499917429,0.7605799373040752,0.13452992583896967
full,baseline,S14,0.469291283764968,0.9048888888888889,0.3264821083239989
full,baseline,S15,0.6741565263305898,0.912869458128079,0.49817539836651875
full,baseline,S16,0.36477799203868,0.864247311827957,0.5138840577963342
full,baseline,S17,0.6973201500023283,0.9298469387755103,0.6391426450199611
full,baseline,S18,0.8360722501147841,0.9638973466724663,0.6425871022621634
full,baseline,S19,0.4069523639632336,0.8320413436692506,0.38936584157126924
full,baseline,S20,0.5729208297319088,0.916279069767442,0.37593056870462555
full,baseline,S21,0.7275908284873632,0.9202233745512565,0.5246366396127305
full,baseline,S22,0.7567205643818551,0.9391304347826086,0.6018604695813811
full,baseline,S23,0.8414306309772919,0.975609756097561,0.575335078855507
full,baseline,S24,0.49183001272063,0.9034391534391534,0.5333828085776371
full,baseline,S25,0.9379251700680271,0.9967776584317937,0.9318911162960933
full,baseline,S26,0.41123570227316136,0.7346999405822935,0.16631650538800644
full,baseline,S27,0.6515495180201062,0.9521367521367521,0.5256931389634797
full,baseline,S28,0.7261863535570432,0.9408185840707964,0.5756077806150454
full,baseline,S29,0.6139810974895008,0.9519906323185012,0.6531540024391278
full,baseline,S30,0.629540055636454,0.8761261261261262,0.5273816338195816
full,baseline,S31,0.7144686958457125,0.9206896551724137,0.5907324047980422
full,baseline,S32,0.45478149211908997,0.8499305233904586,0.3772948879577466
full,baseline,S33,0.5360635262640476,0.7859454461396209,0.48630180307491117
full,baseline,S34,0.21374782359630984,0.612460815047022,0.12400108341339841
full,baseline,S35,0.5127204262885378,0.8990273274664196,0.39703497689413086
full,baseline,S36,0.6148300345779337,0.9502857142857144,0.5607635707790987
full,baseline,S37,0.6829033049879923,0.9344262295081966,0.5024529991884242
full,baseline,S38,0.5974386143165336,0.8703703703703703,0.4815186371308389
full,baseline,S39,0.4974737813440173,0.9301775147928995,0.5539879555254398
full,baseline,S40,0.6384960834324329,0.9230769230769231,0.5075179397786617
full,baseline,S41,0.36271154257265364,0.78,0.31220711465747875
full,baseline,S42,0.47280434179374736,0.7744972186563971,0.3611644332017354
full,baseline,S43,0.5132450694950695,0.9184027777777777,0.5709032905480904
full,baseline,S44,0.47147984478735755,0.7992886178861789,0.26865883266066787
full,ensemble_average,S01,0.6408660783660783,0.9415954415954415,0.6353239115299425
full,ensemble_average,S02,0.8146263758028464,0.9738095238095238,0.4617276468060721
full,ensemble_average,S03,0.6025425243407071,0.8932291666666666,0.43064155643147917
full,ensemble_average,S05,0.9472222222222222,0.9959677419354839,0.5388159060803247
full,ensemble_average,S06,0.6244480068732274,0.9202299676607978,0.5233047657474955
full,ensemble_average,S07,0.7663867570844316,0.9468390804597702,0.36140906176637955
full,ensemble_average,S08,0.9663050624589082,0.9958579881656805,0.8333333333333334
full,ensemble_average,S09,0.6083239953627871,0.9041353383458647,0.6598439639812496
full,ensemble_average,S10,0.5741447626022679,0.8431372549019608,0.371502561269277
full,ensemble_average,S12,0.687917494623635,0.9199115044247788,0.5497466955345144
full,ensemble_average,S13,0.6150423518283039,0.7692006269592476,0.11325746135615741
full,ensemble_average,S14,0.47013139525334646,0.9057777777777777,0.33695468766358116
full,ensemble_average,S15,0.7017305447369893,0.918103448275862,0.4211879060243045
full,ensemble_average,S16,0.3902111927371417,0.8785842293906809,0.5168140615284653
full,ensemble_average,S17,0.6846963387478082,0.9281462585034014,0.5594417614546303
full,ensemble_average,S18,0.8282081716119112,0.9625924314919531,0.5853200399876289
full,ensemble_average,S19,0.39166228436030415,0.8507751937984496,0.5238880614044541
full,ensemble_average,S20,0.5427173816066353,0.9152454780361756,0.33629353521679217
full,ensemble_average,S21,0.7274286947760573,0.9182289589150379,0.5288883905354257
full,ensemble_average,S22,0.7357515482542886,0.9213250517598344,0.530514929235495
full,ensemble_average,S23,0.8071032360801701,0.9728997289972899,0.42483856331322933
full,ensemble_average,S24,0.4334709184781868,0.8796296296296295,0.4669530091796763
full,ensemble_average,S25,0.8954648526077096,0.9946294307196563,0.8752610304046612
full,ensemble_average,S26,0.4188852404705926,0.7379679144385027,0.2191700866223567
full,ensemble_average,S27,0.6844997351082543,0.9521367521367522,0.4934169063380819
full,ensemble_average,S28,0.6864708166497481,0.941924778761062,0.5637746397452948
full,ensemble_average,S29,0.5536790590362018,0.9443793911007026,0.5888607371361877
full,ensemble_average,S30,0.6137219633355906,0.8608108108108108,0.4735354580524372
full,ensemble_average,S31,0.7048860094531573,0.916551724137931,0.6141055610806841
full,ensemble_average,S32,0.40731115175053967,0.8485409911996293,0.34128298683643515
full,ensemble_average,S33,0.5134888718605853,0.782246879334258,0.40924028892516906
full,ensemble_average,S34,0.243730699487028,0.6018808777429467,0.07918075824648958
full,ensemble_average,S35,0.5011490445073824,0.8925428439092172,0.33966396222548495
full,ensemble_average,S36,0.6297658342295414,0.9434285714285715,0.5341275620813919
full,ensemble_average,S37,0.7345490554951513,0.9381520119225037,0.4427285320605607
full,ensemble_average,S38,0.6096259672549649,0.8810916179337231,0.5004414957278913
full,ensemble_average,S39,0.6176577756608717,0.9402366863905325,0.4532514679555749
full,ensemble_average,S40,0.6614509866613896,0.9331322272498743,0.6058642793285158
full,ensemble_average,S41,0.4143580891394316,0.8026666666666666,0.2885134645731794
full,ensemble_average,S42,0.5499748432852405,0.8365425759520753,0.37983323293007354
full,ensemble_average,S43,0.5580716283880515,0.9184027777777777,0.46614127872581307
full,ensemble_average,S44,0.460307488621796,0.7896341463414634,0.20343621308471643
full,ensemble_stacked,S01,0.6437252562252563,0.9394586894586894,0.4046049038322796
full,ensemble_stacked,S02,0.7973458785223491,0.9714285714285714,0.5076471040328047
full,ensemble_stacked,S03,0.6037479961290543,0.8921875,0.24514056521435823
full,ensemble_stacked,S05,0.9381313131313131,0.9949596774193549,0.8591246929842246
full,ensemble_stacked,S06,0.6130889319987785,0.9187926697808121,0.46435544794778116
full,ensemble_stacked,S07,0.7795607057802179,0.9482758620689655,0.48166378315169184
full,ensemble_stacked,S08,0.9568376068376065,0.9946745562130178,0.6617825960083583
full,ensemble_stacked,S09,0.610372281912689,0.9046052631578947,0.3705110848776131
full,ensemble_stacked,S10,0.563228058656004,0.8324929971988796,0.0
full,ensemble_stacked,S12,0.6950689294954776,0.9203539823008849,0.36108809920103346
full,ensemble_stacked,S13,0.6148648898019101,0.7688087774294671,0.3484572906119039
full,ensemble_stacked,S14,0.47013139525334646,0.9057777777777777,0.5423285153661339
full,ensemble_stacked,S15,0.6985508705540975,0.9184113300492611,0.60420994013922
full,ensemble_stacked,S16,0.3992105669900461,0.8803763440860215,0.04205435367291925
full,ensemble_stacked,S17,0.6855734423358919,0.9281462585034014,0.21195568799919873
full,ensemble_stacked,S18,0.8178264370925674,0.959112657677251,0.6189315421673475
full,ensemble_stacked,S19,0.39096619802934646,0.8520671834625323,0.3362568530278693
full,ensemble_stacked,S20,0.5379554768447306,0.9147286821705427,0.5381244744880745
full,ensemble_stacked,S21,0.7272044710328605,0.9178300757877942,0.47505039506013563
full,ensemble_stacked,S22,0.7284684088319303,0.9192546583850931,0.20140599270554793
full,ensemble_stacked,S23,0.7805851011774869,0.967479674796748,0.7737613133647339
full,ensemble_stacked,S24,0.4348838750389884,0.8743386243386244,0.09188630773666187
full,ensemble_stacked,S25,0.8954648526077096,0.9946294307196563,0.369716982950492
full,ensemble_stacked,S26,0.4159739618553361,0.7335115864527628,-0.04913653015078496
full,ensemble_stacked,S27,0.6814022578728461,0.9504273504273504,0.5421352291610387
full,ensemble_stacked,S28,0.6883174739662511,0.9435840707964602,0.25402366739896515
full,ensemble_stacked,S29,0.5432101013381802,0.9408665105386418,0.2274536218568652
full,ensemble_stacked,S30,0.6096317695891998,0.8585585585585586,0.20662116951635834
full,ensemble_stacked,S31,0.7090625378379272,0.9141379310344828,0.31759969335216826
full,ensemble_stacked,S32,0.3974204733280495,0.8439092172301992,0.31580013988928424
full,ensemble_stacked,S33,0.5227284620656379,0.7803975959315765,0.19969004243287836
full,ensemble_stacked,S34,0.24258775400470023,0.5975705329153604,0.006108928124985939
full,ensemble_stacked,S35,0.484863375823006,0.8883742473367299,0.32335826738467605
full,ensemble_stacked,S36,0.6211798087262226,0.9411428571428572,0.16029821010438464
full,ensemble_stacked,S37,0.7466186178876661,0.9388971684053651,0.5397681182424616
full,ensemble_stacked,S38,0.6191082413159844,0.8827160493827161,0.22069654827619686
full,ensemble_stacked,S39,0.6553030327026803,0.9408284023668638,0.29317636492797466
full,ensemble_stacked,S40,0.6641604435230957,0.9336349924585219,0.3229211589015346
full,ensemble_stacked,S41,0.4218103452335782,0.8073333333333333,0.0
full,ensemble_stacked,S42,0.5515286550720176,0.8412494651262302,0.4277680166632025
full,ensemble_stacked,S43,0.5557308947973179,0.9172453703703703,-0.03470528041969024
full,ensemble_stacked,S44,0.4672605706005975,0.790650406504065,0.41453099068708893
